-- Touch Rugby
--    NAME
--     trugby.sql - Create tables and data for Assignment 2 INFO90002 S2 2020
--
--    DESCRIPTION
--    This creates the touch rugby schema

--    CREATED by David A. Eccles (deccles)
--
--    MODIFIED   (MM/DD/YY)
--    deccles     07/18/20 - CREATED schema
--    deccles     07/19/20 - INSERTED data
--    deccles     08/22/20 - UPDATED data
--    deccles     09/03/20 - UPDATED data


-- BYOD INSTALL SECTION
-- remove the comments -- from the following 3 lines for BYOD installs
DROP SCHEMA IF EXISTS trugby ;
CREATE SCHEMA IF NOT EXISTS trugby DEFAULT CHARACTER SET utf8 ;
USE trugby;
-- BYOD INSTALL SECTION ENDS

-- Database: trugby
-- -----------------------------------------------------
USE trugby;
-- MySQL dump 10.13  Distrib 8.0.21, for macos10.15 (x86_64)
--
-- Host: 127.0.0.1    Database: trugby
-- ------------------------------------------------------
-- Server version	8.0.21

/*!40101 SET @OLD_CHARACTER_SET_CLIENT=@@CHARACTER_SET_CLIENT */;
/*!40101 SET @OLD_CHARACTER_SET_RESULTS=@@CHARACTER_SET_RESULTS */;
/*!40101 SET @OLD_COLLATION_CONNECTION=@@COLLATION_CONNECTION */;
/*!50503 SET NAMES utf8 */;
/*!40103 SET @OLD_TIME_ZONE=@@TIME_ZONE */;
/*!40103 SET TIME_ZONE='+00:00' */;
/*!40014 SET @OLD_UNIQUE_CHECKS=@@UNIQUE_CHECKS, UNIQUE_CHECKS=0 */;
/*!40014 SET @OLD_FOREIGN_KEY_CHECKS=@@FOREIGN_KEY_CHECKS, FOREIGN_KEY_CHECKS=0 */;
/*!40101 SET @OLD_SQL_MODE=@@SQL_MODE, SQL_MODE='NO_AUTO_VALUE_ON_ZERO' */;
/*!40111 SET @OLD_SQL_NOTES=@@SQL_NOTES, SQL_NOTES=0 */;

--
-- Table structure for table club
--

DROP TABLE IF EXISTS club;
/*!40101 SET @saved_cs_client     = @@character_set_client */;
/*!50503 SET character_set_client = utf8mb4 */;
CREATE TABLE club (
  ClubID int NOT NULL,
  ClubName varchar(35) DEFAULT NULL,
  Address1 varchar(25) DEFAULT NULL,
  Address2 varchar(25) DEFAULT NULL,
  Suburb varchar(15) DEFAULT NULL,
  Postcode char(4) DEFAULT NULL,
  PRIMARY KEY (ClubID)
) ENGINE=InnoDB DEFAULT CHARSET=utf8;
/*!40101 SET character_set_client = @saved_cs_client */;

--
-- data for table club
--

LOCK TABLES club WRITE;
/*!40000 ALTER TABLE club DISABLE KEYS */;
INSERT INTO club VALUES (100,'Melbourne University Rugby Club','H.G. Smith Oval','MacArthur Road','Parkville','3052'),(200,'Melbourne City','580 Orrong Road','','Armadale','3134'),(300,'Powerhouse Rugby','Lakeside Drive','','Albert Park','3206'),(400,'Footscray Rugby Club','Farnsworth Avenue','','Footscray','3011'),(500,'Moorabbin Rugby','Harold Caterson Reserve','92 Keys Road','Moorabbin','3189'),(600,'Monash University Rugby Club','Monash University','Wellington Road','Clayton','3800'),(700,'Geelong Rugby Club','Hendy Street Reserve','','Corio','3214'),(800,'Harlequin Rugby Club','27 Power Avenue','','Ashwood','3147');
/*!40000 ALTER TABLE club ENABLE KEYS */;
UNLOCK TABLES;

--
-- Table structure for table clubplayer
--

DROP TABLE IF EXISTS clubplayer;
/*!40101 SET @saved_cs_client     = @@character_set_client */;
/*!50503 SET character_set_client = utf8mb4 */;
CREATE TABLE clubplayer (
  ClubID int NOT NULL,
  PlayerID int NOT NULL,
  FromDate date NOT NULL,
  ToDate date DEFAULT NULL,
  PRIMARY KEY (ClubID,PlayerID),
  KEY fk_ClubPlayer_Player1_idx (PlayerID),
  CONSTRAINT fk_ClubPlayer_Club1 FOREIGN KEY (ClubID) REFERENCES club (ClubID),
  CONSTRAINT fk_ClubPlayer_Player1 FOREIGN KEY (PlayerID) REFERENCES player (PlayerID)
) ENGINE=InnoDB DEFAULT CHARSET=utf8;
/*!40101 SET character_set_client = @saved_cs_client */;

--
-- data for table clubplayer
--

LOCK TABLES clubplayer WRITE;
/*!40000 ALTER TABLE clubplayer DISABLE KEYS */;
INSERT INTO clubplayer VALUES (100,10001,'2013-03-01',NULL),(100,10002,'2013-03-02',NULL),(100,10003,'2013-03-03',NULL),(100,10004,'2013-03-04',NULL),(100,10005,'2013-03-05',NULL),(100,10006,'2013-03-06',NULL),(100,10007,'2013-03-07',NULL),(100,10008,'2013-03-08',NULL),(100,10009,'2013-03-09',NULL),(100,10010,'2013-03-10',NULL),(100,10011,'2013-03-11',NULL),(100,10012,'2013-03-12',NULL),(100,10013,'2013-03-13',NULL),(100,10014,'2013-03-14',NULL),(100,10015,'2013-03-15',NULL),(100,10016,'2013-03-16',NULL),(100,10017,'2013-03-17',NULL),(100,10018,'2013-03-18','2015-01-25'),(100,10019,'2013-03-19',NULL),(100,10020,'2013-03-20',NULL),(100,10021,'2013-03-21',NULL),(100,10022,'2013-03-22',NULL),(100,10023,'2013-03-23',NULL),(100,10024,'2013-03-24',NULL),(100,10025,'2013-03-25',NULL),(100,10026,'2013-03-26',NULL),(100,10027,'2013-05-01',NULL),(100,30027,'2017-12-09',NULL),(200,10018,'2015-01-26',NULL),(200,20001,'2013-03-27',NULL),(200,20002,'2013-03-28',NULL),(200,20003,'2013-03-29',NULL),(200,20004,'2013-03-30',NULL),(200,20005,'2013-03-31',NULL),(200,20006,'2013-04-01',NULL),(200,20007,'2013-04-02',NULL),(200,20008,'2013-04-03',NULL),(200,20009,'2013-04-04',NULL),(200,20010,'2013-04-05',NULL),(200,20011,'2013-04-06',NULL),(200,20012,'2013-04-07',NULL),(200,20013,'2013-04-08',NULL),(200,20014,'2013-04-09',NULL),(200,20015,'2013-04-10',NULL),(200,20016,'2013-04-11',NULL),(200,20017,'2013-04-12',NULL),(200,20018,'2013-04-13',NULL),(200,20019,'2013-04-14',NULL),(200,20020,'2013-04-15',NULL),(200,20021,'2013-04-16',NULL),(200,20022,'2013-04-17',NULL),(200,20023,'2013-04-18',NULL),(200,20024,'2013-04-19',NULL),(200,20025,'2013-04-20',NULL),(200,20026,'2013-04-21',NULL),(200,30027,'2015-03-01','2017-12-08'),(300,30001,'2013-04-22',NULL),(300,30002,'2013-04-23',NULL),(300,30003,'2013-04-24',NULL),(300,30004,'2013-04-25',NULL),(300,30005,'2013-04-26',NULL),(300,30006,'2013-04-27',NULL),(300,30007,'2013-04-28',NULL),(300,30008,'2013-04-29',NULL),(300,30009,'2013-04-30',NULL),(300,30010,'2013-05-01',NULL),(300,30011,'2013-05-02',NULL),(300,30012,'2013-05-03',NULL),(300,30013,'2013-05-04',NULL),(300,30014,'2013-05-05',NULL),(300,30015,'2013-05-06',NULL),(300,30016,'2013-05-07',NULL),(300,30017,'2013-05-08',NULL),(300,30018,'2013-05-09',NULL),(300,30019,'2013-05-10',NULL),(300,30020,'2013-05-11',NULL),(300,30021,'2013-05-12',NULL),(300,30022,'2013-05-13',NULL),(300,30023,'2013-05-14',NULL),(300,30024,'2013-05-15',NULL),(300,30025,'2013-05-16',NULL),(300,30026,'2013-05-17',NULL),(300,30027,'2013-04-25','2015-02-28'),(400,40001,'2013-05-18',NULL),(400,40002,'2013-05-19',NULL),(400,40003,'2013-05-20',NULL),(400,40004,'2013-05-21',NULL),(400,40005,'2013-05-22',NULL),(400,40006,'2013-05-23',NULL),(400,40007,'2013-05-24',NULL),(400,40008,'2013-05-25',NULL),(400,40009,'2013-05-26',NULL),(400,40010,'2013-05-27',NULL),(400,40011,'2013-05-28',NULL),(400,40012,'2013-05-29',NULL),(400,40013,'2013-05-30',NULL),(400,40014,'2013-05-31',NULL),(400,40015,'2013-03-01',NULL),(400,40016,'2013-03-02',NULL),(400,40017,'2013-03-03',NULL),(400,40018,'2013-03-04',NULL),(400,40019,'2013-03-05',NULL),(400,40020,'2013-03-06',NULL),(400,40021,'2013-03-07',NULL),(400,40022,'2013-03-08',NULL),(400,40023,'2013-03-09',NULL),(400,40024,'2013-03-10',NULL),(400,40025,'2013-03-11',NULL),(400,40026,'2013-03-12',NULL),(400,70018,'2018-07-09',NULL),(500,50001,'2013-03-13',NULL),(500,50002,'2013-03-14',NULL),(500,50003,'2013-03-15',NULL),(500,50004,'2013-03-16',NULL),(500,50005,'2013-03-17',NULL),(500,50006,'2013-03-18',NULL),(500,50007,'2013-03-19',NULL),(500,50008,'2013-03-20',NULL),(500,50009,'2013-03-21',NULL),(500,50010,'2013-03-22',NULL),(500,50011,'2013-03-23',NULL),(500,50012,'2013-03-24',NULL),(500,50013,'2013-03-25',NULL),(500,50014,'2013-03-26',NULL),(500,50015,'2013-03-27',NULL),(500,50016,'2013-03-28',NULL),(500,50017,'2013-03-29',NULL),(500,50018,'2013-03-30',NULL),(500,50019,'2013-03-31',NULL),(500,50020,'2013-04-01',NULL),(500,50021,'2013-04-02',NULL),(500,50022,'2013-04-03',NULL),(500,50023,'2013-04-04',NULL),(500,50024,'2013-04-05',NULL),(500,50025,'2013-04-06',NULL),(500,50026,'2013-04-07',NULL),(600,60001,'2013-04-08',NULL),(600,60002,'2013-04-09',NULL),(600,60003,'2013-04-10',NULL),(600,60004,'2013-04-11',NULL),(600,60005,'2013-04-12',NULL),(600,60006,'2013-04-13',NULL),(600,60007,'2013-04-14',NULL),(600,60008,'2013-04-15',NULL),(600,60009,'2013-04-16',NULL),(600,60010,'2013-04-17',NULL),(600,60011,'2013-04-18',NULL),(600,60012,'2013-04-19',NULL),(600,60013,'2013-04-20',NULL),(600,60014,'2013-04-21',NULL),(600,60015,'2013-04-22',NULL),(600,60016,'2013-04-23',NULL),(600,60017,'2013-04-24',NULL),(600,60018,'2013-04-25',NULL),(600,60019,'2013-04-26',NULL),(600,60020,'2013-04-27',NULL),(600,60021,'2013-04-28',NULL),(600,60022,'2013-04-29',NULL),(600,60023,'2013-04-30',NULL),(600,60024,'2013-05-01',NULL),(600,60025,'2013-05-02',NULL),(600,60026,'2013-05-03',NULL),(700,70001,'2013-05-04',NULL),(700,70002,'2013-05-05',NULL),(700,70003,'2013-05-06',NULL),(700,70004,'2013-05-07',NULL),(700,70005,'2013-05-08',NULL),(700,70006,'2013-05-09',NULL),(700,70007,'2013-05-10',NULL),(700,70008,'2013-05-11',NULL),(700,70009,'2013-05-12',NULL),(700,70010,'2013-05-13',NULL),(700,70011,'2013-05-14',NULL),(700,70012,'2013-05-15',NULL),(700,70013,'2013-05-16',NULL),(700,70014,'2013-05-17',NULL),(700,70015,'2013-05-18',NULL),(700,70016,'2013-05-19',NULL),(700,70017,'2013-05-20',NULL),(700,70018,'2013-05-21','2017-05-02'),(700,70019,'2013-05-22',NULL),(700,70020,'2013-05-23',NULL),(700,70021,'2013-05-24',NULL),(700,70022,'2013-05-25',NULL),(700,70023,'2013-05-26',NULL),(700,70024,'2013-05-27',NULL),(700,70025,'2013-05-28',NULL),(700,70026,'2013-03-31',NULL),(800,70018,'2017-05-03','2017-10-03'),(800,80001,'2013-05-29',NULL),(800,80002,'2013-05-30',NULL),(800,80003,'2013-05-31',NULL),(800,80004,'2013-03-01',NULL),(800,80005,'2013-03-02',NULL),(800,80006,'2013-03-03',NULL),(800,80007,'2013-03-04',NULL),(800,80008,'2013-03-05',NULL),(800,80009,'2013-03-06',NULL),(800,80010,'2013-03-07',NULL),(800,80011,'2013-03-08',NULL),(800,80012,'2013-03-09',NULL),(800,80013,'2013-03-10',NULL),(800,80014,'2013-03-11',NULL),(800,80015,'2013-03-12',NULL),(800,80016,'2013-03-13',NULL),(800,80017,'2013-03-14',NULL),(800,80018,'2013-03-15',NULL),(800,80019,'2013-03-16',NULL),(800,80020,'2013-03-17',NULL),(800,80021,'2013-03-18',NULL),(800,80022,'2013-03-19',NULL),(800,80023,'2013-03-20',NULL),(800,80024,'2013-03-21',NULL),(800,80025,'2013-03-22',NULL),(800,80026,'2013-03-23',NULL),(800,80027,'2013-03-24',NULL);
/*!40000 ALTER TABLE clubplayer ENABLE KEYS */;
UNLOCK TABLES;

--
-- Table structure for table competition
--

DROP TABLE IF EXISTS competition;
/*!40101 SET @saved_cs_client     = @@character_set_client */;
/*!50503 SET character_set_client = utf8mb4 */;
CREATE TABLE competition (
  CompetitionID int NOT NULL,
  CompetitionName varchar(18) DEFAULT NULL,
  CompetitionType varchar(10) DEFAULT NULL,
  PRIMARY KEY (CompetitionID)
) ENGINE=InnoDB DEFAULT CHARSET=utf8;
/*!40101 SET character_set_client = @saved_cs_client */;

--
-- data for table competition
--

LOCK TABLES competition WRITE;
/*!40000 ALTER TABLE competition DISABLE KEYS */;
INSERT INTO competition VALUES (1,'Dewar Shield','Mens'),(2,'Lindroth Cup','Womens'),(3,'Bingham Trophy','Mixed'),(4,'Bott-Bolton','Seniors');
/*!40000 ALTER TABLE competition ENABLE KEYS */;
UNLOCK TABLES;

--
-- Table structure for table game
--

DROP TABLE IF EXISTS game;
/*!40101 SET @saved_cs_client     = @@character_set_client */;
/*!50503 SET character_set_client = utf8mb4 */;
CREATE TABLE game (
  GameID int NOT NULL,
  Round smallint NOT NULL,
  SeasonID int NOT NULL,
  Team1 smallint DEFAULT NULL,
  Team2 smallint DEFAULT NULL,
  Team1Score tinyint DEFAULT NULL,
  Team2Score tinyint DEFAULT NULL,
  GameDate date NOT NULL,
  StartTime time NOT NULL,
  PRIMARY KEY (GameID),
  KEY fk_Game_Team1_idx (Team1),
  KEY fk_Game_Team2_idx (Team2),
  KEY fk_Game_Season1_idx (SeasonID),
  CONSTRAINT fk_Game_Season1 FOREIGN KEY (SeasonID) REFERENCES season (SeasonID),
  CONSTRAINT fk_Game_Team1 FOREIGN KEY (Team1) REFERENCES team (TeamID),
  CONSTRAINT fk_Game_Team2 FOREIGN KEY (Team2) REFERENCES team (TeamID)
) ENGINE=InnoDB DEFAULT CHARSET=utf8;
/*!40101 SET character_set_client = @saved_cs_client */;

--
-- data for table game
--

LOCK TABLES game WRITE;
/*!40000 ALTER TABLE game DISABLE KEYS */;
INSERT INTO game VALUES (1,1,1,1,8,18,24,'2013-09-07','14:00:00'),(2,1,1,2,7,5,27,'2013-09-07','14:00:00'),(3,1,1,3,6,5,16,'2013-09-07','14:00:00'),(4,1,1,4,5,35,24,'2013-09-07','14:00:00'),(5,2,1,1,7,3,40,'2013-09-14','14:00:00'),(6,2,1,2,6,20,20,'2013-09-14','14:00:00'),(7,2,1,3,5,9,5,'2013-09-14','14:00:00'),(8,2,1,4,8,22,23,'2013-09-14','14:00:00'),(9,3,1,1,6,12,5,'2013-09-21','14:00:00'),(10,3,1,2,5,18,38,'2013-09-21','14:00:00'),(11,3,1,3,8,0,39,'2013-09-21','14:00:00'),(12,3,1,4,7,8,24,'2013-09-21','14:00:00'),(13,4,1,1,5,22,20,'2013-09-28','14:00:00'),(14,4,1,2,8,14,28,'2013-09-28','14:00:00'),(15,4,1,3,7,5,6,'2013-09-28','14:00:00'),(16,4,1,4,6,34,10,'2013-09-28','14:00:00'),(17,5,1,1,2,27,12,'2013-10-05','14:00:00'),(18,5,1,3,4,5,16,'2013-10-05','14:00:00'),(19,5,1,5,6,21,6,'2013-10-05','14:00:00'),(20,5,1,7,8,24,5,'2013-10-05','14:00:00'),(21,6,1,1,4,17,41,'2013-10-12','14:00:00'),(22,6,1,3,2,31,32,'2013-10-12','14:00:00'),(23,6,1,5,8,42,16,'2013-10-12','14:00:00'),(24,6,1,7,6,9,14,'2013-10-12','14:00:00'),(25,7,1,1,3,3,22,'2013-10-19','14:00:00'),(26,7,1,2,4,37,27,'2013-10-19','14:00:00'),(27,7,1,5,7,22,5,'2013-10-19','14:00:00'),(28,7,1,6,8,13,37,'2013-10-19','14:00:00'),(29,1,2,9,16,24,15,'2013-09-07','12:00:00'),(30,1,2,10,15,19,19,'2013-09-07','12:00:00'),(31,1,2,11,14,28,8,'2013-09-07','12:00:00'),(32,1,2,12,13,36,13,'2013-09-07','12:00:00'),(33,2,2,9,15,30,39,'2013-09-14','12:00:00'),(34,2,2,10,14,15,25,'2013-09-14','12:00:00'),(35,2,2,11,13,25,12,'2013-09-14','12:00:00'),(36,2,2,12,16,NULL,28,'2013-09-14','12:00:00'),(37,3,2,9,14,41,42,'2013-09-21','12:00:00'),(38,3,2,10,13,40,7,'2013-09-21','12:00:00'),(39,3,2,11,16,25,19,'2013-09-21','12:00:00'),(40,3,2,12,15,24,41,'2013-09-21','12:00:00'),(41,4,2,9,13,24,19,'2013-09-28','12:00:00'),(42,4,2,10,16,5,21,'2013-09-28','12:00:00'),(43,4,2,11,15,51,5,'2013-09-28','12:00:00'),(44,4,2,12,14,12,7,'2013-09-28','12:00:00'),(45,5,2,9,10,10,28,'2013-10-05','12:00:00'),(46,5,2,11,12,13,3,'2013-10-05','12:00:00'),(47,5,2,13,14,13,19,'2013-10-05','12:00:00'),(48,5,2,15,16,30,31,'2013-10-05','12:00:00'),(49,6,2,9,12,19,19,'2013-10-12','12:00:00'),(50,6,2,11,10,41,23,'2013-10-12','12:00:00'),(51,6,2,13,16,5,25,'2013-10-12','12:00:00'),(52,6,2,15,14,42,36,'2013-10-12','12:00:00'),(53,7,2,9,11,23,35,'2013-10-19','12:00:00'),(54,7,2,10,12,29,5,'2013-10-19','12:00:00'),(55,7,2,13,15,20,22,'2013-10-19','12:00:00'),(56,7,2,14,16,42,30,'2013-10-19','12:00:00'),(57,1,3,17,24,19,28,'2013-09-08','10:00:00'),(58,1,3,18,23,22,23,'2013-09-08','10:00:00'),(59,1,3,19,22,32,31,'2013-09-08','10:00:00'),(60,1,3,20,21,35,38,'2013-09-08','10:00:00'),(61,2,3,17,23,22,19,'2013-09-15','10:00:00'),(62,2,3,18,22,18,36,'2013-09-15','10:00:00'),(63,2,3,19,21,18,27,'2013-09-15','10:00:00'),(64,2,3,20,24,24,35,'2013-09-15','10:00:00'),(65,3,3,17,22,30,26,'2013-09-22','10:00:00'),(66,3,3,18,21,19,16,'2013-09-22','10:00:00'),(67,3,3,19,24,25,8,'2013-09-22','10:00:00'),(68,3,3,20,23,0,16,'2013-09-22','10:00:00'),(69,4,3,17,21,NULL,28,'2013-09-29','10:00:00'),(70,4,3,18,24,35,21,'2013-09-29','10:00:00'),(71,4,3,19,23,5,22,'2013-09-29','10:00:00'),(72,4,3,20,22,18,41,'2013-09-29','10:00:00'),(73,5,3,17,18,5,13,'2013-10-06','10:00:00'),(74,5,3,19,20,20,37,'2013-10-06','10:00:00'),(75,5,3,21,22,32,34,'2013-10-06','10:00:00'),(76,5,3,23,24,40,11,'2013-10-06','10:00:00'),(77,6,3,17,20,41,37,'2013-10-13','10:00:00'),(78,6,3,19,18,28,22,'2013-10-13','10:00:00'),(79,6,3,21,24,28,11,'2013-10-13','10:00:00'),(80,6,3,23,22,25,15,'2013-10-13','10:00:00'),(81,7,3,17,19,25,7,'2013-10-20','10:00:00'),(82,7,3,18,20,31,34,'2013-10-20','10:00:00'),(83,7,3,21,23,33,9,'2013-10-20','10:00:00'),(84,7,3,22,24,8,12,'2013-10-20','10:00:00'),(85,1,4,25,32,7,38,'2013-09-06','19:00:00'),(86,1,4,26,31,5,14,'2013-09-06','19:00:00'),(87,1,4,27,30,11,35,'2013-09-06','19:00:00'),(88,1,4,28,29,23,9,'2013-09-06','19:00:00'),(89,2,4,25,31,27,18,'2013-09-13','19:00:00'),(90,2,4,26,30,39,31,'2013-09-13','19:00:00'),(91,2,4,27,29,10,38,'2013-09-13','19:00:00'),(92,2,4,28,32,35,9,'2013-09-13','19:00:00'),(93,3,4,25,30,23,28,'2013-09-20','19:00:00'),(94,3,4,26,29,36,31,'2013-09-20','19:00:00'),(95,3,4,27,32,33,42,'2013-09-20','19:00:00'),(96,3,4,28,31,11,32,'2013-09-20','19:00:00'),(97,4,4,25,29,35,3,'2013-09-27','19:00:00'),(98,4,4,26,32,11,29,'2013-09-27','19:00:00'),(99,4,4,27,31,17,20,'2013-09-27','19:00:00'),(100,4,4,28,30,38,19,'2013-09-27','19:00:00'),(101,5,4,25,26,21,53,'2013-10-04','19:00:00'),(102,5,4,27,28,3,19,'2013-10-04','19:00:00'),(103,5,4,29,30,9,23,'2013-10-04','19:00:00'),(104,5,4,31,32,17,36,'2013-10-04','19:00:00'),(105,6,4,25,28,24,10,'2013-10-11','19:00:00'),(106,6,4,27,26,19,12,'2013-10-11','19:00:00'),(107,6,4,29,32,19,32,'2013-10-11','19:00:00'),(108,6,4,31,30,19,29,'2013-10-11','19:00:00'),(109,7,4,25,27,14,7,'2013-10-18','19:00:00'),(110,7,4,26,28,16,41,'2013-10-18','19:00:00'),(111,7,4,29,31,12,24,'2013-10-18','19:00:00'),(112,7,4,30,32,37,41,'2013-10-18','19:00:00'),(113,1,5,1,8,34,5,'2014-09-06','14:00:00'),(114,1,5,2,7,0,25,'2014-09-06','14:00:00'),(115,1,5,3,6,14,22,'2014-09-06','14:00:00'),(116,1,5,4,5,51,10,'2014-09-06','14:00:00'),(117,2,5,1,7,22,23,'2014-09-13','14:00:00'),(118,2,5,2,6,8,6,'2014-09-13','14:00:00'),(119,2,5,3,5,37,31,'2014-09-13','14:00:00'),(120,2,5,4,8,36,37,'2014-09-13','14:00:00'),(121,3,5,1,6,25,37,'2014-09-20','14:00:00'),(122,3,5,2,5,37,37,'2014-09-20','14:00:00'),(123,3,5,3,8,39,38,'2014-09-20','14:00:00'),(124,3,5,4,7,12,34,'2014-09-20','14:00:00'),(125,4,5,1,5,25,35,'2014-09-27','14:00:00'),(126,4,5,2,8,3,30,'2014-09-27','14:00:00'),(127,4,5,3,7,7,9,'2014-09-27','14:00:00'),(128,4,5,4,6,34,16,'2014-09-27','14:00:00'),(129,5,5,1,2,3,3,'2014-10-04','14:00:00'),(130,5,5,3,4,35,16,'2014-10-04','14:00:00'),(131,5,5,5,6,5,3,'2014-10-04','14:00:00'),(132,5,5,7,8,35,5,'2014-10-04','14:00:00'),(133,6,5,1,4,11,5,'2014-10-10','14:00:00'),(134,6,5,3,2,40,36,'2014-10-10','14:00:00'),(135,6,5,5,8,22,22,'2014-10-10','14:00:00'),(136,6,5,7,6,18,8,'2014-10-10','14:00:00'),(137,7,5,1,3,30,5,'2014-10-17','14:00:00'),(138,7,5,2,4,14,24,'2014-10-17','14:00:00'),(139,7,5,5,7,5,37,'2014-10-17','14:00:00'),(140,7,5,6,8,5,39,'2014-10-17','14:00:00'),(141,1,6,9,16,19,34,'2014-09-06','12:00:00'),(142,1,6,10,15,5,31,'2014-09-06','12:00:00'),(143,1,6,11,14,33,6,'2014-09-06','12:00:00'),(144,1,6,12,13,17,25,'2014-09-06','12:00:00'),(145,2,6,9,15,6,11,'2014-09-13','12:00:00'),(146,2,6,10,14,5,32,'2014-09-13','12:00:00'),(147,2,6,11,13,0,27,'2014-09-13','12:00:00'),(148,2,6,12,16,39,24,'2014-09-13','12:00:00'),(149,3,6,9,14,25,41,'2014-09-20','12:00:00'),(150,3,6,10,13,15,23,'2014-09-20','12:00:00'),(151,3,6,11,16,28,5,'2014-09-20','12:00:00'),(152,3,6,12,15,39,28,'2014-09-20','12:00:00'),(153,4,6,9,13,41,23,'2014-09-27','12:00:00'),(154,4,6,10,16,5,23,'2014-09-27','12:00:00'),(155,4,6,11,15,40,25,'2014-09-27','12:00:00'),(156,4,6,12,14,8,17,'2014-09-27','12:00:00'),(157,5,6,9,10,10,3,'2014-10-04','12:00:00'),(158,5,6,11,12,3,16,'2014-10-04','12:00:00'),(159,5,6,13,14,5,24,'2014-10-04','12:00:00'),(160,5,6,15,16,5,32,'2014-10-04','12:00:00'),(161,6,6,9,12,9,12,'2014-10-10','12:00:00'),(162,6,6,11,10,12,8,'2014-10-10','12:00:00'),(163,6,6,13,16,37,5,'2014-10-10','12:00:00'),(164,6,6,15,14,22,38,'2014-10-10','12:00:00'),(165,7,6,9,11,3,7,'2014-10-17','12:00:00'),(166,7,6,10,12,38,29,'2014-10-17','12:00:00'),(167,7,6,13,15,3,9,'2014-10-17','12:00:00'),(168,7,6,14,16,14,34,'2014-10-17','12:00:00'),(169,1,7,17,24,19,21,'2014-09-07','10:00:00'),(170,1,7,18,23,12,20,'2014-09-07','10:00:00'),(171,1,7,19,22,27,38,'2014-09-07','10:00:00'),(172,1,7,20,21,21,27,'2014-09-07','10:00:00'),(173,2,7,17,23,16,41,'2014-09-14','10:00:00'),(174,2,7,18,22,38,26,'2014-09-14','10:00:00'),(175,2,7,19,21,20,5,'2014-09-14','10:00:00'),(176,2,7,20,24,31,11,'2014-09-14','10:00:00'),(177,3,7,17,22,13,23,'2014-09-21','10:00:00'),(178,3,7,18,21,26,24,'2014-09-21','10:00:00'),(179,3,7,19,24,24,26,'2014-09-21','10:00:00'),(180,3,7,20,23,13,6,'2014-09-21','10:00:00'),(181,4,7,17,21,3,23,'2014-09-28','10:00:00'),(182,4,7,18,24,39,29,'2014-09-28','10:00:00'),(183,4,7,19,23,19,21,'2014-09-28','10:00:00'),(184,4,7,20,22,28,38,'2014-09-28','10:00:00'),(185,5,7,17,18,5,24,'2014-10-05','10:00:00'),(186,5,7,19,20,24,14,'2014-10-05','10:00:00'),(187,5,7,21,22,32,7,'2014-10-05','10:00:00'),(188,5,7,23,24,35,32,'2014-10-05','10:00:00'),(189,6,7,17,20,16,25,'2014-10-11','10:00:00'),(190,6,7,19,18,16,13,'2014-10-11','10:00:00'),(191,6,7,21,24,34,30,'2014-10-11','10:00:00'),(192,6,7,23,22,11,35,'2014-10-11','10:00:00'),(193,7,7,17,19,29,39,'2014-10-18','10:00:00'),(194,7,7,18,20,41,11,'2014-10-18','10:00:00'),(195,7,7,21,23,31,42,'2014-10-18','10:00:00'),(196,7,7,22,24,12,38,'2014-10-18','10:00:00'),(197,1,8,25,32,17,26,'2014-09-05','19:00:00'),(198,1,8,26,31,26,16,'2014-09-05','19:00:00'),(199,1,8,27,30,0,14,'2014-09-05','19:00:00'),(200,1,8,28,29,10,39,'2014-09-05','19:00:00'),(201,2,8,25,31,38,31,'2014-09-12','19:00:00'),(202,2,8,26,30,20,34,'2014-09-12','19:00:00'),(203,2,8,27,29,42,24,'2014-09-12','19:00:00'),(204,2,8,28,32,33,3,'2014-09-12','19:00:00'),(205,3,8,25,30,17,37,'2014-09-19','19:00:00'),(206,3,8,26,29,42,27,'2014-09-19','19:00:00'),(207,3,8,27,32,14,19,'2014-09-19','19:00:00'),(208,3,8,28,31,27,38,'2014-09-19','19:00:00'),(209,4,8,25,29,0,16,'2014-09-26','19:00:00'),(210,4,8,26,32,5,34,'2014-09-26','19:00:00'),(211,4,8,27,31,37,12,'2014-09-26','19:00:00'),(212,4,8,28,30,5,29,'2014-09-26','19:00:00'),(213,5,8,25,26,29,35,'2014-10-03','19:00:00'),(214,5,8,27,28,5,8,'2014-10-03','19:00:00'),(215,5,8,29,30,0,3,'2014-10-03','19:00:00'),(216,5,8,31,32,7,12,'2014-10-03','19:00:00'),(217,6,8,25,28,3,20,'2014-10-09','19:00:00'),(218,6,8,27,26,19,38,'2014-10-09','19:00:00'),(219,6,8,29,32,5,5,'2014-10-09','19:00:00'),(220,6,8,31,30,15,3,'2014-10-09','19:00:00'),(221,7,8,25,27,15,24,'2014-10-16','19:00:00'),(222,7,8,26,28,3,38,'2014-10-16','19:00:00'),(223,7,8,29,31,16,29,'2014-10-16','19:00:00'),(224,7,8,30,32,15,32,'2014-10-16','19:00:00'),(225,1,9,1,8,8,53,'2015-09-05','14:00:00'),(226,1,9,2,7,20,33,'2015-09-05','14:00:00'),(227,1,9,3,6,3,8,'2015-09-05','14:00:00'),(228,1,9,4,5,15,5,'2015-09-05','14:00:00'),(229,2,9,1,7,3,15,'2015-09-12','14:00:00'),(230,2,9,2,6,24,26,'2015-09-12','14:00:00'),(231,2,9,3,5,37,34,'2015-09-12','14:00:00'),(232,2,9,4,8,25,39,'2015-09-12','14:00:00'),(233,3,9,1,6,23,29,'2015-09-19','14:00:00'),(234,3,9,2,5,36,27,'2015-09-19','14:00:00'),(235,3,9,3,8,20,38,'2015-09-19','14:00:00'),(236,3,9,4,7,32,27,'2015-09-19','14:00:00'),(237,4,9,1,5,7,25,'2015-09-26','14:00:00'),(238,4,9,2,8,40,21,'2015-09-26','14:00:00'),(239,4,9,3,7,31,33,'2015-09-26','14:00:00'),(240,4,9,4,6,34,22,'2015-09-26','14:00:00'),(241,5,9,1,2,27,36,'2015-10-03','14:00:00'),(242,5,9,3,4,18,14,'2015-10-03','14:00:00'),(243,5,9,5,6,25,5,'2015-10-03','14:00:00'),(244,5,9,7,8,33,22,'2015-10-03','14:00:00'),(245,6,9,1,4,28,NULL,'2015-10-10','14:00:00'),(246,6,9,3,2,34,29,'2015-10-10','14:00:00'),(247,6,9,5,8,27,39,'2015-10-10','14:00:00'),(248,6,9,7,6,22,40,'2015-10-10','14:00:00'),(249,7,9,1,3,39,34,'2015-10-17','14:00:00'),(250,7,9,2,4,25,23,'2015-10-17','14:00:00'),(251,7,9,5,7,21,6,'2015-10-17','14:00:00'),(252,7,9,6,8,10,3,'2015-10-17','14:00:00'),(253,1,10,9,16,21,5,'2015-09-05','12:00:00'),(254,1,10,10,15,14,30,'2015-09-05','12:00:00'),(255,1,10,11,14,29,39,'2015-09-05','12:00:00'),(256,1,10,12,13,10,15,'2015-09-05','12:00:00'),(257,2,10,9,15,19,35,'2015-09-12','12:00:00'),(258,2,10,10,14,8,12,'2015-09-12','12:00:00'),(259,2,10,11,13,28,35,'2015-09-12','12:00:00'),(260,2,10,12,16,24,15,'2015-09-12','12:00:00'),(261,3,10,9,14,26,7,'2015-09-19','12:00:00'),(262,3,10,10,13,25,28,'2015-09-19','12:00:00'),(263,3,10,11,16,22,24,'2015-09-19','12:00:00'),(264,3,10,12,15,35,36,'2015-09-19','12:00:00'),(265,4,10,9,13,3,18,'2015-09-26','12:00:00'),(266,4,10,10,16,17,15,'2015-09-26','12:00:00'),(267,4,10,11,15,40,17,'2015-09-26','12:00:00'),(268,4,10,12,14,26,3,'2015-09-26','12:00:00'),(269,5,10,9,10,5,38,'2015-10-03','12:00:00'),(270,5,10,11,12,15,39,'2015-10-03','12:00:00'),(271,5,10,13,14,26,13,'2015-10-03','12:00:00'),(272,5,10,15,16,18,10,'2015-10-03','12:00:00'),(273,6,10,9,12,33,34,'2015-10-10','12:00:00'),(274,6,10,11,10,9,15,'2015-10-10','12:00:00'),(275,6,10,13,16,16,28,'2015-10-10','12:00:00'),(276,6,10,15,14,3,36,'2015-10-10','12:00:00'),(277,7,10,9,11,31,13,'2015-10-17','12:00:00'),(278,7,10,10,12,35,38,'2015-10-17','12:00:00'),(279,7,10,13,15,51,34,'2015-10-17','12:00:00'),(280,7,10,14,16,38,34,'2015-10-17','12:00:00'),(281,1,11,17,24,32,5,'2015-09-06','10:00:00'),(282,1,11,18,23,31,17,'2015-09-06','10:00:00'),(283,1,11,19,22,17,20,'2015-09-06','10:00:00'),(284,1,11,20,21,10,39,'2015-09-06','10:00:00'),(285,2,11,17,23,38,10,'2015-09-13','10:00:00'),(286,2,11,18,22,16,23,'2015-09-13','10:00:00'),(287,2,11,19,21,10,17,'2015-09-13','10:00:00'),(288,2,11,20,24,17,5,'2015-09-13','10:00:00'),(289,3,11,17,22,37,10,'2015-09-20','10:00:00'),(290,3,11,18,21,33,20,'2015-09-20','10:00:00'),(291,3,11,19,24,38,21,'2015-09-20','10:00:00'),(292,3,11,20,23,14,23,'2015-09-20','10:00:00'),(293,4,11,17,21,29,26,'2015-09-27','10:00:00'),(294,4,11,18,24,3,31,'2015-09-27','10:00:00'),(295,4,11,19,23,14,30,'2015-09-27','10:00:00'),(296,4,11,20,22,34,14,'2015-09-27','10:00:00'),(297,5,11,17,18,37,7,'2015-10-04','10:00:00'),(298,5,11,19,20,20,20,'2015-10-04','10:00:00'),(299,5,11,21,22,39,0,'2015-10-04','10:00:00'),(300,5,12,23,24,16,15,'2015-10-04','10:00:00'),(301,6,12,17,20,5,13,'2015-10-11','10:00:00'),(302,6,12,19,18,10,23,'2015-10-11','10:00:00'),(303,6,12,21,24,24,0,'2015-10-11','10:00:00'),(304,6,12,23,22,36,42,'2015-10-11','10:00:00'),(305,7,12,17,19,25,29,'2015-10-18','10:00:00'),(306,7,12,18,20,29,53,'2015-10-18','10:00:00'),(307,7,12,21,23,25,19,'2015-10-18','10:00:00'),(308,7,12,22,24,13,19,'2015-10-18','10:00:00'),(309,1,12,25,32,20,5,'2015-09-04','19:00:00'),(310,1,12,26,31,13,11,'2015-09-04','19:00:00'),(311,1,12,27,30,7,41,'2015-09-04','19:00:00'),(312,1,12,28,29,19,32,'2015-09-04','19:00:00'),(313,2,12,25,31,36,40,'2015-09-11','19:00:00'),(314,2,12,26,30,26,11,'2015-09-11','19:00:00'),(315,2,12,27,29,30,29,'2015-09-11','19:00:00'),(316,2,12,28,32,11,12,'2015-09-11','19:00:00'),(317,3,12,25,30,10,40,'2015-09-18','19:00:00'),(318,3,12,26,29,41,14,'2015-09-18','19:00:00'),(319,3,12,27,32,37,29,'2015-09-18','19:00:00'),(320,3,12,28,31,19,25,'2015-09-18','19:00:00'),(321,4,12,25,29,NULL,28,'2015-09-25','19:00:00'),(322,4,12,26,32,40,16,'2015-09-25','19:00:00'),(323,4,12,27,31,32,15,'2015-09-25','19:00:00'),(324,4,12,28,30,42,28,'2015-09-25','19:00:00'),(325,5,12,25,26,33,9,'2015-10-02','19:00:00'),(326,5,12,27,28,11,10,'2015-10-02','19:00:00'),(327,5,12,29,30,29,10,'2015-10-02','19:00:00'),(328,5,12,31,32,30,31,'2015-10-02','19:00:00'),(329,6,12,25,28,10,12,'2015-10-09','19:00:00'),(330,6,12,27,26,32,14,'2015-10-09','19:00:00'),(331,6,12,29,32,41,29,'2015-10-09','19:00:00'),(332,6,12,31,30,40,34,'2015-10-09','19:00:00'),(333,7,12,25,27,33,30,'2015-10-16','19:00:00'),(334,7,12,26,28,5,33,'2015-10-16','19:00:00'),(335,7,12,29,31,14,8,'2015-10-16','19:00:00'),(336,7,12,30,32,18,24,'2015-10-16','19:00:00'),(337,1,13,1,8,37,21,'2016-09-03','14:00:00'),(338,1,13,2,7,5,39,'2016-09-03','14:00:00'),(339,1,13,3,6,22,21,'2016-09-03','14:00:00'),(340,1,13,4,5,38,14,'2016-09-03','14:00:00'),(341,2,13,1,7,30,35,'2016-09-10','14:00:00'),(342,2,13,2,6,29,39,'2016-09-10','14:00:00'),(343,2,13,3,5,40,23,'2016-09-10','14:00:00'),(344,2,13,4,8,22,7,'2016-09-10','14:00:00'),(345,3,13,1,6,42,33,'2016-09-17','14:00:00'),(346,3,13,2,5,25,15,'2016-09-17','14:00:00'),(347,3,13,3,8,35,6,'2016-09-17','14:00:00'),(348,3,13,4,7,0,34,'2016-09-17','14:00:00'),(349,4,13,1,5,28,NULL,'2016-09-24','14:00:00'),(350,4,13,2,8,12,23,'2016-09-24','14:00:00'),(351,4,13,3,7,10,11,'2016-09-24','14:00:00'),(352,4,13,4,6,32,30,'2016-09-24','14:00:00'),(353,5,13,1,2,18,28,'2016-10-01','14:00:00'),(354,5,13,3,4,41,11,'2016-10-01','14:00:00'),(355,5,13,5,6,11,10,'2016-10-01','14:00:00'),(356,5,13,7,8,5,25,'2016-10-01','14:00:00'),(357,6,13,1,4,33,41,'2016-10-08','14:00:00'),(358,6,13,3,2,13,33,'2016-10-08','14:00:00'),(359,6,13,5,8,40,11,'2016-10-08','14:00:00'),(360,6,13,7,6,30,8,'2016-10-08','14:00:00'),(361,7,13,1,3,21,26,'2016-10-15','14:00:00'),(362,7,13,2,4,32,6,'2016-10-15','14:00:00'),(363,7,13,5,7,8,22,'2016-10-15','14:00:00'),(364,7,13,6,8,5,26,'2016-10-15','14:00:00'),(365,1,14,9,16,23,12,'2016-09-03','12:00:00'),(366,1,14,10,15,5,13,'2016-09-03','12:00:00'),(367,1,14,11,14,17,35,'2016-09-03','12:00:00'),(368,1,14,12,13,10,5,'2016-09-03','12:00:00'),(369,2,14,9,15,18,19,'2016-09-10','12:00:00'),(370,2,14,10,14,23,20,'2016-09-10','12:00:00'),(371,2,14,11,13,51,29,'2016-09-10','12:00:00'),(372,2,14,12,16,27,10,'2016-09-10','12:00:00'),(373,3,14,9,14,20,5,'2016-09-17','12:00:00'),(374,3,14,10,13,27,12,'2016-09-17','12:00:00'),(375,3,14,11,16,6,33,'2016-09-17','12:00:00'),(376,3,14,12,15,25,39,'2016-09-17','12:00:00'),(377,4,14,9,13,23,34,'2016-09-24','12:00:00'),(378,4,14,10,16,23,35,'2016-09-24','12:00:00'),(379,4,14,11,15,0,5,'2016-09-24','12:00:00'),(380,4,14,12,14,22,5,'2016-09-24','12:00:00'),(381,5,14,9,10,9,19,'2016-10-01','12:00:00'),(382,5,14,11,12,35,42,'2016-10-01','12:00:00'),(383,5,14,13,14,14,36,'2016-10-01','12:00:00'),(384,5,14,15,16,0,29,'2016-10-01','12:00:00'),(385,6,14,9,12,13,28,'2016-10-08','12:00:00'),(386,6,14,11,10,3,3,'2016-10-08','12:00:00'),(387,6,14,13,16,9,12,'2016-10-08','12:00:00'),(388,6,14,15,14,23,0,'2016-10-08','12:00:00'),(389,7,14,9,11,22,31,'2016-10-15','12:00:00'),(390,7,14,10,12,38,26,'2016-10-15','12:00:00'),(391,7,14,13,15,37,23,'2016-10-15','12:00:00'),(392,7,14,14,16,42,20,'2016-10-15','12:00:00'),(393,1,15,17,24,24,22,'2016-09-04','10:00:00'),(394,1,15,18,23,30,32,'2016-09-04','10:00:00'),(395,1,15,19,22,14,9,'2016-09-04','10:00:00'),(396,1,15,20,21,30,5,'2016-09-04','10:00:00'),(397,2,15,17,23,22,12,'2016-09-11','10:00:00'),(398,2,15,18,22,8,22,'2016-09-11','10:00:00'),(399,2,15,19,21,17,3,'2016-09-11','10:00:00'),(400,2,15,20,24,30,34,'2016-09-11','10:00:00'),(401,3,15,17,22,0,0,'2016-09-18','10:00:00'),(402,3,15,18,21,5,33,'2016-09-18','10:00:00'),(403,3,15,19,24,29,18,'2016-09-18','10:00:00'),(404,3,15,20,23,24,33,'2016-09-18','10:00:00'),(405,4,15,17,21,13,15,'2016-09-25','10:00:00'),(406,4,15,18,24,39,20,'2016-09-25','10:00:00'),(407,4,15,19,23,16,32,'2016-09-25','10:00:00'),(408,4,15,20,22,23,30,'2016-09-25','10:00:00'),(409,5,15,17,18,42,22,'2016-10-02','10:00:00'),(410,5,15,19,20,7,19,'2016-10-02','10:00:00'),(411,5,15,21,22,27,6,'2016-10-02','10:00:00'),(412,5,15,23,24,36,25,'2016-10-02','10:00:00'),(413,6,15,17,20,7,15,'2016-10-09','10:00:00'),(414,6,15,19,18,27,13,'2016-10-09','10:00:00'),(415,6,15,21,24,25,41,'2016-10-09','10:00:00'),(416,6,15,23,22,8,23,'2016-10-09','10:00:00'),(417,7,15,17,19,27,24,'2016-10-16','10:00:00'),(418,7,15,18,20,22,17,'2016-10-16','10:00:00'),(419,7,15,21,23,33,29,'2016-10-16','10:00:00'),(420,7,15,22,24,15,29,'2016-10-16','10:00:00'),(421,1,16,25,32,21,28,'2016-09-02','19:00:00'),(422,1,16,26,31,0,21,'2016-09-02','19:00:00'),(423,1,16,27,30,38,6,'2016-09-02','19:00:00'),(424,1,16,28,29,27,29,'2016-09-02','19:00:00'),(425,2,16,25,31,23,34,'2016-09-09','19:00:00'),(426,2,16,26,30,25,33,'2016-09-09','19:00:00'),(427,2,16,27,29,10,6,'2016-09-09','19:00:00'),(428,2,16,28,32,24,30,'2016-09-09','19:00:00'),(429,3,16,25,30,23,7,'2016-09-16','19:00:00'),(430,3,16,26,29,18,28,'2016-09-16','19:00:00'),(431,3,16,27,32,5,42,'2016-09-16','19:00:00'),(432,3,16,28,31,5,31,'2016-09-16','19:00:00'),(433,4,16,25,29,5,36,'2016-09-23','19:00:00'),(434,4,16,26,32,14,12,'2016-09-23','19:00:00'),(435,4,16,27,31,28,6,'2016-09-23','19:00:00'),(436,4,16,28,30,19,3,'2016-09-23','19:00:00'),(437,5,16,25,26,3,40,'2016-09-30','19:00:00'),(438,5,16,27,28,35,22,'2016-09-30','19:00:00'),(439,5,16,29,30,11,42,'2016-09-30','19:00:00'),(440,5,16,31,32,24,5,'2016-09-30','19:00:00'),(441,6,16,25,28,19,53,'2016-10-07','19:00:00'),(442,6,16,27,26,10,10,'2016-10-07','19:00:00'),(443,6,16,29,32,28,24,'2016-10-07','19:00:00'),(444,6,16,31,30,51,24,'2016-10-07','19:00:00'),(445,7,16,25,27,NULL,28,'2016-10-14','19:00:00'),(446,7,16,26,28,16,3,'2016-10-14','19:00:00'),(447,7,16,29,31,31,11,'2016-10-14','19:00:00'),(448,7,16,30,32,6,22,'2016-10-14','19:00:00'),(449,1,17,1,8,17,27,'2017-09-02','14:00:00'),(450,1,17,2,7,38,32,'2017-09-02','14:00:00'),(451,1,17,3,6,11,39,'2017-09-02','14:00:00'),(452,1,17,4,5,24,13,'2017-09-02','14:00:00'),(453,2,17,1,7,5,16,'2017-09-09','14:00:00'),(454,2,17,2,6,10,34,'2017-09-09','14:00:00'),(455,2,17,3,5,6,6,'2017-09-09','14:00:00'),(456,2,17,4,8,32,10,'2017-09-09','14:00:00'),(457,3,17,1,6,13,12,'2017-09-16','14:00:00'),(458,3,17,2,5,19,5,'2017-09-16','14:00:00'),(459,3,17,3,8,3,7,'2017-09-16','14:00:00'),(460,3,17,4,7,25,15,'2017-09-16','14:00:00'),(461,4,17,1,5,36,20,'2017-09-23','14:00:00'),(462,4,17,2,8,31,3,'2017-09-23','14:00:00'),(463,4,17,3,7,31,5,'2017-09-23','14:00:00'),(464,4,17,4,6,25,32,'2017-09-23','14:00:00'),(465,5,17,1,2,37,40,'2017-09-30','14:00:00'),(466,5,17,3,4,15,39,'2017-09-30','14:00:00'),(467,5,17,5,6,13,22,'2017-09-30','14:00:00'),(468,5,17,7,8,24,25,'2017-09-30','14:00:00'),(469,6,17,1,4,21,0,'2017-10-07','14:00:00'),(470,6,17,3,2,5,3,'2017-10-07','14:00:00'),(471,6,17,5,8,28,20,'2017-10-07','14:00:00'),(472,6,17,7,6,9,6,'2017-10-07','14:00:00'),(473,7,17,1,3,7,5,'2017-10-14','14:00:00'),(474,7,17,2,4,36,20,'2017-10-14','14:00:00'),(475,7,17,5,7,38,27,'2017-10-14','14:00:00'),(476,7,17,6,8,40,38,'2017-10-14','14:00:00'),(477,1,18,9,16,26,17,'2017-09-02','12:00:00'),(478,1,18,10,15,9,29,'2017-09-02','12:00:00'),(479,1,18,11,14,7,10,'2017-09-02','12:00:00'),(480,1,18,12,13,9,31,'2017-09-02','12:00:00'),(481,2,18,9,15,14,5,'2017-09-09','12:00:00'),(482,2,18,10,14,NULL,28,'2017-09-09','12:00:00'),(483,2,18,11,13,13,42,'2017-09-09','12:00:00'),(484,2,18,12,16,26,23,'2017-09-09','12:00:00'),(485,3,18,9,14,42,22,'2017-09-16','12:00:00'),(486,3,18,10,13,24,34,'2017-09-16','12:00:00'),(487,3,18,11,16,18,12,'2017-09-16','12:00:00'),(488,3,18,12,15,13,6,'2017-09-16','12:00:00'),(489,4,18,9,13,26,15,'2017-09-23','12:00:00'),(490,4,18,10,16,24,22,'2017-09-23','12:00:00'),(491,4,18,11,15,36,9,'2017-09-23','12:00:00'),(492,4,18,12,14,16,15,'2017-09-23','12:00:00'),(493,5,18,9,10,6,7,'2017-09-30','12:00:00'),(494,5,18,11,12,27,20,'2017-09-30','12:00:00'),(495,5,18,13,14,3,16,'2017-09-30','12:00:00'),(496,5,18,15,16,32,10,'2017-09-30','12:00:00'),(497,6,18,9,12,23,40,'2017-10-07','12:00:00'),(498,6,18,11,10,15,22,'2017-10-07','12:00:00'),(499,6,18,13,16,20,7,'2017-10-07','12:00:00'),(500,6,18,15,14,15,0,'2017-10-07','12:00:00'),(501,7,18,9,11,26,7,'2017-10-14','12:00:00'),(502,7,18,10,12,16,25,'2017-10-14','12:00:00'),(503,7,18,13,15,42,10,'2017-10-14','12:00:00'),(504,7,18,14,16,10,14,'2017-10-14','12:00:00'),(505,1,19,17,24,16,3,'2017-09-03','10:00:00'),(506,1,19,18,23,23,19,'2017-09-03','10:00:00'),(507,1,19,19,22,28,35,'2017-09-03','10:00:00'),(508,1,19,20,21,30,6,'2017-09-03','10:00:00'),(509,2,19,17,23,3,6,'2017-09-10','10:00:00'),(510,2,19,18,22,20,21,'2017-09-10','10:00:00'),(511,2,19,19,21,25,33,'2017-09-10','10:00:00'),(512,2,19,20,24,18,3,'2017-09-10','10:00:00'),(513,3,19,17,22,34,31,'2017-09-17','10:00:00'),(514,3,19,18,21,8,6,'2017-09-17','10:00:00'),(515,3,19,19,24,15,3,'2017-09-17','10:00:00'),(516,3,19,20,23,31,37,'2017-09-17','10:00:00'),(517,4,19,17,21,9,29,'2017-09-24','10:00:00'),(518,4,19,18,24,5,3,'2017-09-24','10:00:00'),(519,4,19,19,23,40,29,'2017-09-24','10:00:00'),(520,4,19,20,22,0,7,'2017-09-24','10:00:00'),(521,5,19,17,18,30,35,'2017-10-01','10:00:00'),(522,5,19,19,20,6,34,'2017-10-01','10:00:00'),(523,5,19,21,22,32,20,'2017-10-01','10:00:00'),(524,5,19,23,24,3,6,'2017-10-01','10:00:00'),(525,6,19,17,20,11,5,'2017-10-08','10:00:00'),(526,6,19,19,18,0,17,'2017-10-08','10:00:00'),(527,6,19,21,24,39,3,'2017-10-08','10:00:00'),(528,6,19,23,22,16,11,'2017-10-08','10:00:00'),(529,7,19,17,19,35,5,'2017-10-15','10:00:00'),(530,7,19,18,20,38,5,'2017-10-15','10:00:00'),(531,7,19,21,23,34,37,'2017-10-15','10:00:00'),(532,7,19,22,24,5,3,'2017-10-15','10:00:00'),(533,1,20,25,32,38,5,'2017-09-01','19:00:00'),(534,1,20,26,31,10,14,'2017-09-01','19:00:00'),(535,1,20,27,30,16,8,'2017-09-01','19:00:00'),(536,1,20,28,29,20,37,'2017-09-01','19:00:00'),(537,2,20,25,31,28,NULL,'2017-09-08','19:00:00'),(538,2,20,26,30,8,6,'2017-09-08','19:00:00'),(539,2,20,27,29,36,30,'2017-09-08','19:00:00'),(540,2,20,28,32,32,6,'2017-09-08','19:00:00'),(541,3,20,25,30,42,15,'2017-09-15','19:00:00'),(542,3,20,26,29,10,41,'2017-09-15','19:00:00'),(543,3,20,27,32,10,8,'2017-09-15','19:00:00'),(544,3,20,28,31,42,31,'2017-09-15','19:00:00'),(545,4,20,25,29,28,NULL,'2017-09-22','19:00:00'),(546,4,20,26,32,22,23,'2017-09-22','19:00:00'),(547,4,20,27,31,9,5,'2017-09-22','19:00:00'),(548,4,20,28,30,10,29,'2017-09-22','19:00:00'),(549,5,20,25,26,26,33,'2017-09-29','19:00:00'),(550,5,20,27,28,21,0,'2017-09-29','19:00:00'),(551,5,20,29,30,20,14,'2017-09-29','19:00:00'),(552,5,20,31,32,41,22,'2017-09-29','19:00:00'),(553,6,20,25,28,19,33,'2017-10-06','19:00:00'),(554,6,20,27,26,32,30,'2017-10-06','19:00:00'),(555,6,20,29,32,21,33,'2017-10-06','19:00:00'),(556,6,20,31,30,28,34,'2017-10-06','19:00:00'),(557,7,20,25,27,10,6,'2017-10-13','19:00:00'),(558,7,20,26,28,10,14,'2017-10-13','19:00:00'),(559,7,20,29,31,15,8,'2017-10-13','19:00:00'),(560,7,20,30,32,26,15,'2017-10-13','19:00:00'),(561,1,21,1,8,31,34,'2018-09-01','14:00:00'),(562,1,21,2,7,35,14,'2018-09-01','14:00:00'),(563,1,21,3,6,21,9,'2018-09-01','14:00:00'),(564,1,21,4,5,8,29,'2018-09-01','14:00:00'),(565,2,21,1,7,19,42,'2018-09-08','14:00:00'),(566,2,21,2,6,9,31,'2018-09-08','14:00:00'),(567,2,21,3,5,35,42,'2018-09-08','14:00:00'),(568,2,21,4,8,13,7,'2018-09-08','14:00:00'),(569,3,21,1,6,40,25,'2018-09-15','14:00:00'),(570,3,21,2,5,37,11,'2018-09-15','14:00:00'),(571,3,21,3,8,30,34,'2018-09-15','14:00:00'),(572,3,21,4,7,22,15,'2018-09-15','14:00:00'),(573,4,21,1,5,28,23,'2018-09-22','14:00:00'),(574,4,21,2,8,31,3,'2018-09-22','14:00:00'),(575,4,21,3,7,42,3,'2018-09-22','14:00:00'),(576,4,21,4,6,10,23,'2018-09-22','14:00:00'),(577,5,21,1,2,5,22,'2018-09-29','14:00:00'),(578,5,21,3,4,14,27,'2018-09-29','14:00:00'),(579,5,21,5,6,15,13,'2018-09-29','14:00:00'),(580,5,21,7,8,20,22,'2018-09-29','14:00:00'),(581,6,21,1,4,11,40,'2018-10-06','14:00:00'),(582,6,21,3,2,35,33,'2018-10-06','14:00:00'),(583,6,21,5,8,23,34,'2018-10-06','14:00:00'),(584,6,21,7,6,28,31,'2018-10-06','14:00:00'),(585,7,21,1,3,21,23,'2018-10-13','14:00:00'),(586,7,21,2,4,8,17,'2018-10-13','14:00:00'),(587,7,21,5,7,36,42,'2018-10-13','14:00:00'),(588,7,21,6,8,16,40,'2018-10-13','14:00:00'),(589,1,22,9,16,42,29,'2018-09-01','12:00:00'),(590,1,22,10,15,20,42,'2018-09-01','12:00:00'),(591,1,22,11,14,5,0,'2018-09-01','12:00:00'),(592,1,22,12,13,32,38,'2018-09-01','12:00:00'),(593,2,22,9,15,22,7,'2018-09-08','12:00:00'),(594,2,22,10,14,5,39,'2018-09-08','12:00:00'),(595,2,22,11,13,25,19,'2018-09-08','12:00:00'),(596,2,22,12,16,17,7,'2018-09-08','12:00:00'),(597,3,22,9,14,34,19,'2018-09-15','12:00:00'),(598,3,22,10,13,0,53,'2018-09-15','12:00:00'),(599,3,22,11,16,25,31,'2018-09-15','12:00:00'),(600,3,22,12,15,42,29,'2018-09-15','12:00:00'),(601,4,22,9,13,33,17,'2018-09-22','12:00:00'),(602,4,22,10,16,23,39,'2018-09-22','12:00:00'),(603,4,22,11,15,37,30,'2018-09-22','12:00:00'),(604,4,22,12,14,41,10,'2018-09-22','12:00:00'),(605,5,22,9,10,0,3,'2018-09-29','12:00:00'),(606,5,22,11,12,5,10,'2018-09-29','12:00:00'),(607,5,22,13,14,0,5,'2018-09-29','12:00:00'),(608,5,22,15,16,32,18,'2018-09-29','12:00:00'),(609,6,22,9,12,9,11,'2018-10-06','12:00:00'),(610,6,22,11,10,8,35,'2018-10-06','12:00:00'),(611,6,22,13,16,28,10,'2018-10-06','12:00:00'),(612,6,22,15,14,23,5,'2018-10-06','12:00:00'),(613,7,22,9,11,3,38,'2018-10-13','12:00:00'),(614,7,22,10,12,12,23,'2018-10-13','12:00:00'),(615,7,22,13,15,15,41,'2018-10-13','12:00:00'),(616,7,22,14,16,25,37,'2018-10-13','12:00:00'),(617,1,23,17,24,26,41,'2018-09-02','10:00:00'),(618,1,23,18,23,22,31,'2018-09-02','10:00:00'),(619,1,23,19,22,23,9,'2018-09-02','10:00:00'),(620,1,23,20,21,12,25,'2018-09-02','10:00:00'),(621,2,23,17,23,11,27,'2018-09-09','10:00:00'),(622,2,23,18,22,20,0,'2018-09-09','10:00:00'),(623,2,23,19,21,40,38,'2018-09-09','10:00:00'),(624,2,23,20,24,8,35,'2018-09-09','10:00:00'),(625,3,23,17,22,37,38,'2018-09-16','10:00:00'),(626,3,23,18,21,41,5,'2018-09-16','10:00:00'),(627,3,23,19,24,38,18,'2018-09-16','10:00:00'),(628,3,23,20,23,36,0,'2018-09-16','10:00:00'),(629,4,23,17,21,22,31,'2018-09-23','10:00:00'),(630,4,23,18,24,27,42,'2018-09-23','10:00:00'),(631,4,23,19,23,17,38,'2018-09-23','10:00:00'),(632,4,23,20,22,21,6,'2018-09-23','10:00:00'),(633,5,23,17,18,7,5,'2018-09-30','10:00:00'),(634,5,23,19,20,5,7,'2018-09-30','10:00:00'),(635,5,23,21,22,34,23,'2018-09-30','10:00:00'),(636,5,23,23,24,17,40,'2018-09-30','10:00:00'),(637,6,23,17,20,7,5,'2018-10-07','10:00:00'),(638,6,23,19,18,36,5,'2018-10-07','10:00:00'),(639,6,23,21,24,5,23,'2018-10-07','10:00:00'),(640,6,23,23,22,41,34,'2018-10-07','10:00:00'),(641,7,23,17,19,15,20,'2018-10-14','10:00:00'),(642,7,23,18,20,34,6,'2018-10-14','10:00:00'),(643,7,23,21,23,7,20,'2018-10-14','10:00:00'),(644,7,23,22,24,22,36,'2018-10-14','10:00:00'),(645,1,24,25,32,8,36,'2018-08-31','19:00:00'),(646,1,24,26,31,31,15,'2018-08-31','19:00:00'),(647,1,24,27,30,19,7,'2018-08-31','19:00:00'),(648,1,24,28,29,27,32,'2018-08-31','19:00:00'),(649,2,24,25,31,21,5,'2018-09-07','19:00:00'),(650,2,24,26,30,13,3,'2018-09-07','19:00:00'),(651,2,24,27,29,39,8,'2018-09-07','19:00:00'),(652,2,24,28,32,19,42,'2018-09-07','19:00:00'),(653,3,24,25,30,12,21,'2018-09-14','19:00:00'),(654,3,24,26,29,34,19,'2018-09-14','19:00:00'),(655,3,24,27,32,20,20,'2018-09-14','19:00:00'),(656,3,24,28,31,42,23,'2018-09-14','19:00:00'),(657,4,24,25,29,30,8,'2018-09-21','19:00:00'),(658,4,24,26,32,30,23,'2018-09-21','19:00:00'),(659,4,24,27,31,36,42,'2018-09-21','19:00:00'),(660,4,24,28,30,13,53,'2018-09-21','19:00:00'),(661,5,24,25,26,20,11,'2018-09-28','19:00:00'),(662,5,24,27,28,30,33,'2018-09-28','19:00:00'),(663,5,24,29,30,28,NULL,'2018-09-28','19:00:00'),(664,5,24,31,32,5,19,'2018-09-28','19:00:00'),(665,6,24,25,28,10,11,'2018-10-05','19:00:00'),(666,6,24,27,26,21,15,'2018-10-05','19:00:00'),(667,6,24,29,32,38,41,'2018-10-05','19:00:00'),(668,6,24,31,30,10,33,'2018-10-05','19:00:00'),(669,7,24,25,27,8,0,'2018-10-12','19:00:00'),(670,7,24,26,28,32,29,'2018-10-12','19:00:00'),(671,7,24,29,31,16,18,'2018-10-12','19:00:00'),(672,7,24,30,32,41,7,'2018-10-12','19:00:00');
/*!40000 ALTER TABLE game ENABLE KEYS */;
UNLOCK TABLES;

--
-- Table structure for table player
--

DROP TABLE IF EXISTS player;
/*!40101 SET @saved_cs_client     = @@character_set_client */;
/*!50503 SET character_set_client = utf8mb4 */;
CREATE TABLE player (
  PlayerID int NOT NULL,
  FirstName varchar(12) DEFAULT NULL,
  LastName varchar(20) DEFAULT NULL,
  Sex enum('M','F') DEFAULT NULL,
  PRIMARY KEY (PlayerID)
) ENGINE=InnoDB DEFAULT CHARSET=utf8;
/*!40101 SET character_set_client = @saved_cs_client */;

--
-- data for table player
--

LOCK TABLES player WRITE;
/*!40000 ALTER TABLE player DISABLE KEYS */;
INSERT INTO player VALUES (10001,'Arthur','Dayley','M'),(10002,'Bruce','Banner','M'),(10003,'Cory','Feldman','M'),(10004,'Dave','Ganey','M'),(10005,'Ernie','Moffat','M'),(10006,'Forrest','Watson','M'),(10007,'Graham','Greene','M'),(10008,'Simon','Webster','M'),(10009,'Steven','Spelling','M'),(10010,'John','Cain Sr','M'),(10011,'Kim ','Beazley','M'),(10012,'Joseph','Cook ','M'),(10013,'Mark','Thomas','M'),(10014,'John','McEwan','M'),(10015,'Malcolm ','Fraser','M'),(10016,'George','Turner','M'),(10017,'Harold','Holt','M'),(10018,'Edward','Dunlop','M'),(10019,'Tiffany','Lightshade','F'),(10020,'Barbara','Standwick','F'),(10021,'Kate','Hudson','F'),(10022,'Mia','Farrow','F'),(10023,'Fiona','Bruce','F'),(10024,'Rosalyn','McQuarrie','F'),(10025,'Donna','Reed','F'),(10026,'Lauren','Jackson','F'),(10027,'Sally','Davis','F'),(20001,'Alex','Skaarsgard','M'),(20002,'Brian','Young','M'),(20003,'Callum','Hotspor','M'),(20004,'Don','Dunstan','M'),(20005,'Elias','Clarke','M'),(20006,'Frank','Burns','M'),(20007,'Gary','Steyngart','M'),(20008,'Richard','Strauss','M'),(20009,'Stuart','Mills','M'),(20010,'Andrew','Peacock','M'),(20011,'Edmund','Barton','M'),(20012,'Jim','Cairns ','M'),(20013,'Michael','Duffy','M'),(20014,'Chris','Watson','M'),(20015,'Andrew','Fisher','M'),(20016,'John','Gorton','M'),(20017,'Brian','Howe ','M'),(20018,'Sandra','Yates','F'),(20019,'Tonya','Harding','F'),(20020,'Brittany','Beerstein','F'),(20021,'Kimberley','Ranges','F'),(20022,'Melanie','Griffith','F'),(20023,'Francesca','Angelou','F'),(20024,'Rosemary','Stanton','F'),(20025,'Diane','Arbus','F'),(20026,'Linda','Evangalista','F'),(30001,'Arnold','Bax','M'),(30002,'Broderick','Davis','M'),(30003,'Chris','Reeve','M'),(30004,'Damian','Elsevier','M'),(30005,'Elliot','Gould','M'),(30006,'Fabian','Dattner','M'),(30007,'Glynn','Davis','M'),(30008,'Randall','Thompson','M'),(30009,'Seth','Greene','M'),(30010,'Joseph','Lyons','M'),(30011,'Stanley','Bruce','M'),(30012,'Ben ','Chifley','M'),(30013,'Robert','Menzies','M'),(30014,'Earle','Page','M'),(30015,'Frank','Forde','M'),(30016,'Bob','Hawke','M'),(30017,'William','McMahon','M'),(30018,'Scarlett','O Hara','F'),(30019,'Tina','Fey','F'),(30020,'Bridget','Jones','F'),(30021,'Kristina','Applegate','F'),(30022,'Melinda','Gates','F'),(30023,'Florence','Henderson','F'),(30024,'Ruth','Prawer Jhabvala','F'),(30025,'Diana','Rigg','F'),(30026,'Lily','Tomlin','F'),(30027,'Elizabeth','Blackburn','F'),(40001,'Allan','Bennett','M'),(40002,'Bevan','Jackson','M'),(40003,'Conor','Dawes','M'),(40004,'Dean','Semler','M'),(40005,'Ethan','Hunt','M'),(40006,'Finn','Wake','M'),(40007,'Gunter','Schiller','M'),(40008,'Ron','Howard','M'),(40009,'Silvio','Auric','M'),(40010,'John','McPherson','M'),(40011,'James','McCulloch','M'),(40012,'Charles','Saldden','M'),(40013,'Charles','Duffy','M'),(40014,'James','Service','M'),(40015,'John','Fahey','M'),(40016,'George','Kerferd','M'),(40017,'Clyde','Holding ','M'),(40018,'Sylvia','Plath','F'),(40019,'Theresa','Yelland','F'),(40020,'Beatrix','Potter','F'),(40021,'Katarina','Waves','F'),(40022,'Margaret','Guilfoyle','F'),(40023,'Fern','Planter','F'),(40024,'Rebecca','Empire','F'),(40025,'Daphne','Chloes','F'),(40026,'Lorraine','Pasquale','F'),(50001,'Adam','Andersen','M'),(50002,'Brendan','Cowell','M'),(50003,'Cooper','Cronk','M'),(50004,'Dominic','West','M'),(50005,'Eric','Bolton','M'),(50006,'Francis','Felippe','M'),(50007,'Gerald','Moore','M'),(50008,'Ralph','Fiennes','M'),(50009,'Sandy','Pentland','M'),(50010,'Rupert','Hamer ','M'),(50011,'Lionel ','Bowen','M'),(50012,'John','Curtin','M'),(50013,'Alfred','Deakin','M'),(50014,'Gareth','Evans','M'),(50015,'Tim','Fischer','M'),(50016,'Gough ','Whitlam ','M'),(50017,'Bill','Haydn','M'),(50018,'Stella','Artois','F'),(50019,'Trudy','Bennett','F'),(50020,'Bernyce','Findlay','F'),(50021,'Katrina','Adams','F'),(50022,'Michelle','Pfieffer','F'),(50023,'Filicia','Dawes','F'),(50024,'Rhonda','Bassett','F'),(50025,'Deidre','Wescott','F'),(50026,'Laura','Dern','F'),(60001,'Angelo','Santori','M'),(60002,'Brock','Briers','M'),(60003,'Collin','Firth','M'),(60004,'Doug','Liman','M'),(60005,'Elijah','Wood','M'),(60006,'Fabio','Fabrizzi','M'),(60007,'Gustav','Mahler','M'),(60008,'Russell','Ireland','M'),(60009,'Simon','Brown','M'),(60010,'Doug','Anthony','M'),(60011,'Lance','Barnard','M'),(60012,'Frank','Crean','M'),(60013,'Alexander','Downer','M'),(60014,'George','Reid','M'),(60015,'Arthur','Fadden','M'),(60016,'James','Scullin','M'),(60017,'Billy ','Hughes','M'),(60018,'Shirley','Temple','F'),(60019,'Tasmin','Lewis','F'),(60020,'Bella','LaStrange','F'),(60021,'Kellie','McDonald','F'),(60022,'Madalaine','Swan','F'),(60023,'Faye','Dunaway','F'),(60024,'Rachel','Berger','F'),(60025,'Dorothy','Zhao','F'),(60026,'Linsday','Wagner','F'),(70001,'Thomas','Bostock','M'),(70002,'William','Brownbill','M'),(70003,'Frank','De Stefano','M'),(70004,'James','Cowie','M'),(70005,'John','Rout Hopkins','M'),(70006,'George','Cunningham','M'),(70007,'William','Bell','M'),(70008,'James','Strong','M'),(70009,'William','Upton','M'),(70010,'Paul','Keating','M'),(70011,'William ','Haines','M'),(70012,'John','McDonald','M'),(70013,'John','O\'Shanassy','M'),(70014,'William','Nicholson','M'),(70015,'Albert','Dunstan','M'),(70016,'Richard','Heales','M'),(70017,'Stanley','Argyle ','M'),(70018,'Douglas','Mawson','M'),(70019,'Enid','Lyon','F'),(70020,'Joan','Child','F'),(70021,'Elaine','Darling','F'),(70022,'Ros','Kelly','F'),(70023,'Wendy','Fatin','F'),(70024,'Fran','Bailey','F'),(70025,'Anna','Burke','F'),(70026,'Doris','Blackburn','F'),(80001,'Austin','Powers','M'),(80002,'Benjamin','Dover','M'),(80003,'Clint','Eastwood','M'),(80004,'Darren','Lehman','M'),(80005,'Eamon','Hawke','M'),(80006,'Franklin','Mint','M'),(80007,'Garret','Davis','M'),(80008,'Ravi','Gupta','M'),(80009,'Stefan','Edgberg','M'),(80010,'Rod','Temperton','M'),(80011,'Bryan','O\'Loghlan','M'),(80012,'Graham','Berry','M'),(80013,'James','Munro','M'),(80014,'James','Patterson','M'),(80015,'Allan','McLean','M'),(80016,'James','Francis','M'),(80017,'Michael','Gillard','M'),(80018,'Alexander','Peacock ','M'),(80019,'Susanne','Hoffs','F'),(80020,'Tabitha','Stephens','F'),(80021,'Betty','Davis','F'),(80022,'Karin','Carpenter','F'),(80023,'Miranda','Kerr','F'),(80024,'Frida','Kholo ','F'),(80025,'Raelene','Boyle','F'),(80026,'Delvine','Delaney','F'),(80027,'Laverne','Murgatroyd','F');
/*!40000 ALTER TABLE player ENABLE KEYS */;
UNLOCK TABLES;

--
-- Table structure for table playerteam
--

DROP TABLE IF EXISTS playerteam;
/*!40101 SET @saved_cs_client     = @@character_set_client */;
/*!50503 SET character_set_client = utf8mb4 */;
CREATE TABLE playerteam (
  GameID int NOT NULL,
  TeamID smallint NOT NULL,
  PlayerID int NOT NULL,
  PRIMARY KEY (GameID,TeamID,PlayerID),
  KEY fk_PlayerTeam_Team1_idx (TeamID),
  KEY fk_playerteam_game1_idx (GameID),
  KEY fk_PlayerTeam_Player1 (PlayerID),
  CONSTRAINT fk_playerteam_game1 FOREIGN KEY (GameID) REFERENCES game (GameID),
  CONSTRAINT fk_PlayerTeam_Player1 FOREIGN KEY (PlayerID) REFERENCES player (PlayerID),
  CONSTRAINT fk_PlayerTeam_Team1 FOREIGN KEY (TeamID) REFERENCES team (TeamID)
) ENGINE=InnoDB DEFAULT CHARSET=utf8;
/*!40101 SET character_set_client = @saved_cs_client */;

--
-- data for table playerteam
--

LOCK TABLES playerteam WRITE;
/*!40000 ALTER TABLE playerteam DISABLE KEYS */;
INSERT INTO playerteam VALUES (1,1,10001),(1,1,10002),(1,1,10003),(1,1,10004),(1,1,10005),(5,1,10001),(5,1,10002),(5,1,10003),(5,1,10005),(5,1,10018),(9,1,10001),(9,1,10002),(9,1,10003),(9,1,10004),(9,1,10018),(13,1,10001),(13,1,10002),(13,1,10003),(13,1,10005),(13,1,10018),(17,1,10003),(17,1,10004),(17,1,10006),(17,1,10007),(17,1,10018),(21,1,10001),(21,1,10002),(21,1,10003),(21,1,10005),(21,1,10018),(25,1,10001),(25,1,10002),(25,1,10005),(25,1,10006),(25,1,10007),(113,1,10001),(113,1,10002),(113,1,10003),(113,1,10004),(113,1,10005),(117,1,10001),(117,1,10002),(117,1,10003),(117,1,10005),(117,1,10018),(121,1,10001),(121,1,10002),(121,1,10003),(121,1,10004),(121,1,10005),(125,1,10001),(125,1,10002),(125,1,10003),(125,1,10004),(125,1,10005),(129,1,10003),(129,1,10005),(129,1,10006),(129,1,10007),(129,1,10018),(133,1,10001),(133,1,10002),(133,1,10003),(133,1,10004),(133,1,10018),(137,1,10001),(137,1,10002),(137,1,10006),(137,1,10007),(137,1,10018),(225,1,10001),(225,1,10002),(225,1,10003),(225,1,10004),(225,1,10005),(229,1,10001),(229,1,10002),(229,1,10003),(229,1,10004),(229,1,10005),(233,1,10001),(233,1,10002),(233,1,10003),(233,1,10004),(233,1,10005),(237,1,10001),(237,1,10002),(237,1,10003),(237,1,10004),(237,1,10005),(241,1,10003),(241,1,10004),(241,1,10005),(241,1,10006),(241,1,10007),(245,1,10001),(245,1,10002),(245,1,10003),(245,1,10004),(245,1,10005),(249,1,10001),(249,1,10002),(249,1,10005),(249,1,10006),(249,1,10007),(337,1,10001),(337,1,10002),(337,1,10003),(337,1,10004),(337,1,10005),(341,1,10001),(341,1,10002),(341,1,10003),(341,1,10004),(341,1,10005),(345,1,10001),(345,1,10002),(345,1,10003),(345,1,10004),(345,1,10005),(349,1,10001),(349,1,10002),(349,1,10003),(349,1,10004),(349,1,10005),(353,1,10003),(353,1,10004),(353,1,10005),(353,1,10006),(353,1,10007),(357,1,10001),(357,1,10002),(357,1,10003),(357,1,10004),(357,1,10005),(361,1,10001),(361,1,10002),(361,1,10005),(361,1,10006),(361,1,10007),(449,1,10001),(449,1,10002),(449,1,10003),(449,1,10004),(449,1,10005),(453,1,10001),(453,1,10002),(453,1,10003),(453,1,10004),(453,1,10005),(457,1,10001),(457,1,10002),(457,1,10003),(457,1,10004),(457,1,10005),(461,1,10001),(461,1,10002),(461,1,10003),(461,1,10004),(461,1,10005),(465,1,10003),(465,1,10004),(465,1,10005),(465,1,10006),(465,1,10007),(469,1,10001),(469,1,10002),(469,1,10003),(469,1,10004),(469,1,10005),(473,1,10001),(473,1,10002),(473,1,10005),(473,1,10006),(473,1,10007),(561,1,10001),(561,1,10002),(561,1,10003),(561,1,10004),(561,1,10005),(565,1,10001),(565,1,10002),(565,1,10003),(565,1,10004),(565,1,10005),(569,1,10001),(569,1,10002),(569,1,10003),(569,1,10004),(569,1,10005),(573,1,10001),(573,1,10002),(573,1,10003),(573,1,10004),(573,1,10005),(577,1,10003),(577,1,10004),(577,1,10005),(577,1,10006),(577,1,10007),(581,1,10001),(581,1,10002),(581,1,10003),(581,1,10004),(581,1,10005),(585,1,10001),(585,1,10002),(585,1,10005),(585,1,10006),(585,1,10007),(2,2,20001),(2,2,20002),(2,2,20003),(2,2,20004),(2,2,20005),(6,2,20002),(6,2,20003),(6,2,20004),(6,2,20005),(6,2,20006),(10,2,20003),(10,2,20004),(10,2,20005),(10,2,20006),(10,2,20007),(14,2,20001),(14,2,20002),(14,2,20003),(14,2,20004),(14,2,20005),(17,2,20001),(17,2,20002),(17,2,20003),(17,2,20006),(17,2,20007),(22,2,20004),(22,2,20005),(22,2,20006),(22,2,20007),(22,2,20008),(26,2,20001),(26,2,20002),(26,2,20003),(26,2,20004),(26,2,20005),(114,2,20001),(114,2,20002),(114,2,20003),(114,2,20004),(114,2,20005),(118,2,20002),(118,2,20003),(118,2,20004),(118,2,20005),(118,2,20006),(122,2,20003),(122,2,20004),(122,2,20005),(122,2,20006),(122,2,20007),(126,2,20001),(126,2,20002),(126,2,20003),(126,2,20004),(126,2,20005),(129,2,20001),(129,2,20002),(129,2,20003),(129,2,20006),(129,2,20007),(134,2,20004),(134,2,20005),(134,2,20006),(134,2,20007),(134,2,20008),(138,2,20001),(138,2,20002),(138,2,20003),(138,2,20004),(138,2,20005),(226,2,10018),(226,2,20001),(226,2,20002),(226,2,20004),(226,2,20005),(230,2,10018),(230,2,20002),(230,2,20004),(230,2,20005),(230,2,20006),(234,2,10018),(234,2,20004),(234,2,20005),(234,2,20006),(234,2,20007),(238,2,10018),(238,2,20001),(238,2,20002),(238,2,20004),(238,2,20005),(241,2,20001),(241,2,20002),(241,2,20003),(241,2,20006),(241,2,20007),(246,2,20004),(246,2,20005),(246,2,20006),(246,2,20007),(246,2,20008),(250,2,10018),(250,2,20001),(250,2,20002),(250,2,20004),(250,2,20005),(338,2,20001),(338,2,20002),(338,2,20003),(338,2,20004),(338,2,20005),(342,2,10018),(342,2,20002),(342,2,20004),(342,2,20005),(342,2,20006),(346,2,20003),(346,2,20004),(346,2,20005),(346,2,20006),(346,2,20007),(350,2,10018),(350,2,20001),(350,2,20002),(350,2,20004),(350,2,20005),(353,2,20001),(353,2,20002),(353,2,20003),(353,2,20006),(353,2,20007),(358,2,20004),(358,2,20005),(358,2,20006),(358,2,20007),(358,2,20008),(362,2,10018),(362,2,20001),(362,2,20002),(362,2,20004),(362,2,20005),(450,2,20001),(450,2,20002),(450,2,20003),(450,2,20004),(450,2,20005),(454,2,10018),(454,2,20002),(454,2,20003),(454,2,20004),(454,2,20006),(458,2,20003),(458,2,20004),(458,2,20005),(458,2,20006),(458,2,20007),(462,2,10018),(462,2,20001),(462,2,20002),(462,2,20003),(462,2,20004),(465,2,20001),(465,2,20002),(465,2,20003),(465,2,20006),(465,2,20007),(470,2,20004),(470,2,20005),(470,2,20006),(470,2,20007),(470,2,20008),(474,2,10018),(474,2,20001),(474,2,20002),(474,2,20003),(474,2,20004),(562,2,10018),(562,2,20001),(562,2,20002),(562,2,20003),(562,2,20004),(566,2,10018),(566,2,20002),(566,2,20003),(566,2,20004),(566,2,20006),(570,2,10018),(570,2,20003),(570,2,20004),(570,2,20006),(570,2,20007),(574,2,20001),(574,2,20002),(574,2,20003),(574,2,20004),(574,2,20005),(577,2,10018),(577,2,20001),(577,2,20002),(577,2,20003),(577,2,20007),(582,2,10018),(582,2,20004),(582,2,20005),(582,2,20006),(582,2,20008),(586,2,10018),(586,2,20002),(586,2,20003),(586,2,20004),(586,2,20005),(3,3,30001),(3,3,30002),(3,3,30003),(3,3,30004),(3,3,30005),(7,3,30002),(7,3,30003),(7,3,30004),(7,3,30005),(7,3,30006),(11,3,30002),(11,3,30003),(11,3,30004),(11,3,30005),(11,3,30006),(15,3,30001),(15,3,30002),(15,3,30006),(15,3,30007),(15,3,30008),(18,3,30001),(18,3,30002),(18,3,30003),(18,3,30004),(18,3,30005),(22,3,30004),(22,3,30005),(22,3,30006),(22,3,30007),(22,3,30008),(25,3,30001),(25,3,30002),(25,3,30003),(25,3,30004),(25,3,30005),(115,3,30001),(115,3,30002),(115,3,30003),(115,3,30004),(115,3,30005),(119,3,30002),(119,3,30003),(119,3,30004),(119,3,30005),(119,3,30006),(123,3,30002),(123,3,30003),(123,3,30004),(123,3,30005),(123,3,30006),(127,3,30001),(127,3,30002),(127,3,30006),(127,3,30007),(127,3,30008),(130,3,30001),(130,3,30002),(130,3,30003),(130,3,30004),(130,3,30005),(134,3,30004),(134,3,30005),(134,3,30006),(134,3,30007),(134,3,30008),(137,3,30001),(137,3,30002),(137,3,30003),(137,3,30004),(137,3,30005),(227,3,30001),(227,3,30002),(227,3,30003),(227,3,30004),(227,3,30005),(231,3,30002),(231,3,30003),(231,3,30004),(231,3,30005),(231,3,30006),(235,3,30002),(235,3,30003),(235,3,30004),(235,3,30005),(235,3,30006),(239,3,30001),(239,3,30002),(239,3,30006),(239,3,30007),(239,3,30008),(242,3,30001),(242,3,30002),(242,3,30003),(242,3,30004),(242,3,30005),(246,3,30004),(246,3,30005),(246,3,30006),(246,3,30007),(246,3,30008),(249,3,30001),(249,3,30002),(249,3,30003),(249,3,30004),(249,3,30005),(339,3,30001),(339,3,30002),(339,3,30003),(339,3,30004),(339,3,30005),(343,3,30002),(343,3,30003),(343,3,30004),(343,3,30005),(343,3,30006),(347,3,30002),(347,3,30003),(347,3,30004),(347,3,30005),(347,3,30006),(351,3,30001),(351,3,30002),(351,3,30006),(351,3,30007),(351,3,30008),(354,3,30001),(354,3,30002),(354,3,30003),(354,3,30004),(354,3,30005),(358,3,30004),(358,3,30005),(358,3,30006),(358,3,30007),(358,3,30008),(361,3,30001),(361,3,30002),(361,3,30003),(361,3,30004),(361,3,30005),(451,3,30001),(451,3,30002),(451,3,30003),(451,3,30004),(451,3,30005),(455,3,30002),(455,3,30003),(455,3,30004),(455,3,30005),(455,3,30006),(459,3,30002),(459,3,30003),(459,3,30004),(459,3,30005),(459,3,30006),(463,3,30001),(463,3,30002),(463,3,30006),(463,3,30007),(463,3,30008),(466,3,30001),(466,3,30002),(466,3,30003),(466,3,30004),(466,3,30005),(470,3,30004),(470,3,30005),(470,3,30006),(470,3,30007),(470,3,30008),(473,3,30001),(473,3,30002),(473,3,30003),(473,3,30004),(473,3,30005),(563,3,30001),(563,3,30002),(563,3,30003),(563,3,30004),(563,3,30005),(567,3,30002),(567,3,30003),(567,3,30004),(567,3,30005),(567,3,30006),(571,3,30002),(571,3,30003),(571,3,30004),(571,3,30005),(571,3,30006),(575,3,30001),(575,3,30002),(575,3,30006),(575,3,30007),(575,3,30008),(578,3,30001),(578,3,30002),(578,3,30003),(578,3,30004),(578,3,30005),(582,3,30004),(582,3,30005),(582,3,30006),(582,3,30007),(582,3,30008),(585,3,30001),(585,3,30002),(585,3,30003),(585,3,30004),(585,3,30005),(4,4,40001),(4,4,40002),(4,4,40003),(4,4,40004),(4,4,40005),(8,4,40004),(8,4,40005),(8,4,40006),(8,4,40007),(8,4,40008),(12,4,40001),(12,4,40002),(12,4,40003),(12,4,40007),(12,4,40008),(16,4,40001),(16,4,40002),(16,4,40003),(16,4,40004),(16,4,40005),(18,4,40003),(18,4,40004),(18,4,40005),(18,4,40006),(18,4,40007),(21,4,40001),(21,4,40002),(21,4,40004),(21,4,40006),(21,4,40008),(26,4,40001),(26,4,40002),(26,4,40003),(26,4,40004),(26,4,40005),(116,4,40001),(116,4,40002),(116,4,40003),(116,4,40004),(116,4,40005),(120,4,40004),(120,4,40005),(120,4,40006),(120,4,40007),(120,4,40008),(124,4,40001),(124,4,40002),(124,4,40003),(124,4,40007),(124,4,40008),(128,4,40001),(128,4,40002),(128,4,40003),(128,4,40004),(128,4,40005),(130,4,40003),(130,4,40004),(130,4,40005),(130,4,40006),(130,4,40007),(133,4,40001),(133,4,40002),(133,4,40004),(133,4,40006),(133,4,40008),(138,4,40001),(138,4,40002),(138,4,40003),(138,4,40004),(138,4,40005),(228,4,40001),(228,4,40002),(228,4,40003),(228,4,40004),(228,4,40005),(232,4,40004),(232,4,40005),(232,4,40006),(232,4,40007),(232,4,40008),(236,4,40001),(236,4,40002),(236,4,40003),(236,4,40007),(236,4,40008),(240,4,40001),(240,4,40002),(240,4,40003),(240,4,40004),(240,4,40005),(242,4,40003),(242,4,40004),(242,4,40005),(242,4,40006),(242,4,40007),(245,4,40001),(245,4,40002),(245,4,40004),(245,4,40006),(245,4,40008),(250,4,40001),(250,4,40002),(250,4,40003),(250,4,40004),(250,4,40005),(340,4,40001),(340,4,40002),(340,4,40003),(340,4,40004),(340,4,40005),(344,4,40004),(344,4,40005),(344,4,40006),(344,4,40007),(344,4,40008),(348,4,40001),(348,4,40002),(348,4,40003),(348,4,40007),(348,4,40008),(352,4,40001),(352,4,40002),(352,4,40003),(352,4,40004),(352,4,40005),(354,4,40003),(354,4,40004),(354,4,40005),(354,4,40006),(354,4,40007),(357,4,40001),(357,4,40002),(357,4,40004),(357,4,40006),(357,4,40008),(362,4,40001),(362,4,40002),(362,4,40003),(362,4,40004),(362,4,40005),(452,4,40001),(452,4,40002),(452,4,40003),(452,4,40004),(452,4,40005),(456,4,40004),(456,4,40005),(456,4,40006),(456,4,40007),(456,4,40008),(460,4,40001),(460,4,40002),(460,4,40003),(460,4,40007),(460,4,40008),(464,4,40001),(464,4,40002),(464,4,40003),(464,4,40004),(464,4,40005),(466,4,40003),(466,4,40004),(466,4,40005),(466,4,40006),(466,4,40007),(469,4,40001),(469,4,40002),(469,4,40004),(469,4,40006),(469,4,40008),(474,4,40001),(474,4,40002),(474,4,40003),(474,4,40004),(474,4,40005),(564,4,40001),(564,4,40002),(564,4,40003),(564,4,40004),(564,4,40005),(568,4,40005),(568,4,40006),(568,4,40007),(568,4,40008),(568,4,70018),(572,4,40001),(572,4,40003),(572,4,40007),(572,4,40008),(572,4,70018),(576,4,40001),(576,4,40002),(576,4,40003),(576,4,40005),(576,4,70018),(578,4,40004),(578,4,40005),(578,4,40006),(578,4,40007),(578,4,70018),(581,4,40001),(581,4,40002),(581,4,40004),(581,4,40006),(581,4,40008),(586,4,40001),(586,4,40002),(586,4,40003),(586,4,40004),(586,4,70018),(4,5,50001),(4,5,50002),(4,5,50003),(4,5,50004),(4,5,50005),(7,5,50002),(7,5,50003),(7,5,50004),(7,5,50005),(7,5,50007),(10,5,50004),(10,5,50005),(10,5,50006),(10,5,50007),(10,5,50008),(13,5,50001),(13,5,50002),(13,5,50003),(13,5,50004),(13,5,50005),(19,5,50001),(19,5,50002),(19,5,50003),(19,5,50004),(19,5,50005),(23,5,50004),(23,5,50005),(23,5,50006),(23,5,50007),(23,5,50008),(27,5,50001),(27,5,50002),(27,5,50003),(27,5,50004),(27,5,50005),(116,5,50001),(116,5,50002),(116,5,50003),(116,5,50004),(116,5,50005),(119,5,50002),(119,5,50003),(119,5,50004),(119,5,50005),(119,5,50007),(122,5,50004),(122,5,50005),(122,5,50006),(122,5,50007),(122,5,50008),(125,5,50001),(125,5,50002),(125,5,50003),(125,5,50004),(125,5,50005),(131,5,50001),(131,5,50002),(131,5,50003),(131,5,50004),(131,5,50005),(135,5,50004),(135,5,50005),(135,5,50006),(135,5,50007),(135,5,50008),(139,5,50001),(139,5,50002),(139,5,50003),(139,5,50004),(139,5,50005),(228,5,50001),(228,5,50002),(228,5,50003),(228,5,50004),(228,5,50005),(231,5,50002),(231,5,50003),(231,5,50004),(231,5,50005),(231,5,50007),(234,5,50004),(234,5,50005),(234,5,50006),(234,5,50007),(234,5,50008),(237,5,50001),(237,5,50002),(237,5,50003),(237,5,50004),(237,5,50005),(243,5,50001),(243,5,50002),(243,5,50003),(243,5,50004),(243,5,50005),(247,5,50004),(247,5,50005),(247,5,50006),(247,5,50007),(247,5,50008),(251,5,50001),(251,5,50002),(251,5,50003),(251,5,50004),(251,5,50005),(340,5,50001),(340,5,50002),(340,5,50003),(340,5,50004),(340,5,50005),(343,5,50002),(343,5,50003),(343,5,50004),(343,5,50005),(343,5,50007),(346,5,50004),(346,5,50005),(346,5,50006),(346,5,50007),(346,5,50008),(349,5,50001),(349,5,50002),(349,5,50003),(349,5,50004),(349,5,50005),(355,5,50001),(355,5,50002),(355,5,50003),(355,5,50004),(355,5,50005),(359,5,50004),(359,5,50005),(359,5,50006),(359,5,50007),(359,5,50008),(363,5,50001),(363,5,50002),(363,5,50003),(363,5,50004),(363,5,50005),(452,5,50001),(452,5,50002),(452,5,50003),(452,5,50004),(452,5,50005),(455,5,50002),(455,5,50003),(455,5,50004),(455,5,50005),(455,5,50007),(458,5,50004),(458,5,50005),(458,5,50006),(458,5,50007),(458,5,50008),(461,5,50001),(461,5,50002),(461,5,50003),(461,5,50004),(461,5,50005),(467,5,50001),(467,5,50002),(467,5,50003),(467,5,50004),(467,5,50005),(471,5,50004),(471,5,50005),(471,5,50006),(471,5,50007),(471,5,50008),(475,5,50001),(475,5,50002),(475,5,50003),(475,5,50004),(475,5,50005),(564,5,50001),(564,5,50002),(564,5,50003),(564,5,50004),(564,5,50005),(567,5,50002),(567,5,50003),(567,5,50004),(567,5,50005),(567,5,50007),(570,5,50004),(570,5,50005),(570,5,50006),(570,5,50007),(570,5,50008),(573,5,50001),(573,5,50002),(573,5,50003),(573,5,50004),(573,5,50005),(579,5,50001),(579,5,50002),(579,5,50003),(579,5,50004),(579,5,50005),(583,5,50004),(583,5,50005),(583,5,50006),(583,5,50007),(583,5,50008),(587,5,50001),(587,5,50002),(587,5,50003),(587,5,50004),(587,5,50005),(3,6,60004),(3,6,60005),(3,6,60006),(3,6,60007),(3,6,60008),(6,6,60001),(6,6,60002),(6,6,60003),(6,6,60004),(6,6,60006),(9,6,60001),(9,6,60002),(9,6,60006),(9,6,60007),(9,6,60008),(16,6,60001),(16,6,60002),(16,6,60003),(16,6,60004),(16,6,60006),(19,6,60002),(19,6,60004),(19,6,60006),(19,6,60007),(19,6,60008),(24,6,60001),(24,6,60002),(24,6,60003),(24,6,60004),(24,6,60007),(28,6,60001),(28,6,60002),(28,6,60003),(28,6,60004),(28,6,60005),(115,6,60004),(115,6,60005),(115,6,60006),(115,6,60007),(115,6,60008),(118,6,60001),(118,6,60002),(118,6,60003),(118,6,60004),(118,6,60006),(121,6,60001),(121,6,60002),(121,6,60006),(121,6,60007),(121,6,60008),(128,6,60001),(128,6,60002),(128,6,60003),(128,6,60004),(128,6,60006),(131,6,60002),(131,6,60004),(131,6,60006),(131,6,60007),(131,6,60008),(136,6,60001),(136,6,60002),(136,6,60003),(136,6,60004),(136,6,60007),(140,6,60001),(140,6,60002),(140,6,60003),(140,6,60004),(140,6,60005),(227,6,60004),(227,6,60005),(227,6,60006),(227,6,60007),(227,6,60008),(230,6,60001),(230,6,60002),(230,6,60003),(230,6,60004),(230,6,60006),(233,6,60001),(233,6,60002),(233,6,60006),(233,6,60007),(233,6,60008),(240,6,60001),(240,6,60002),(240,6,60003),(240,6,60004),(240,6,60006),(243,6,60002),(243,6,60004),(243,6,60006),(243,6,60007),(243,6,60008),(248,6,60001),(248,6,60002),(248,6,60003),(248,6,60004),(248,6,60007),(252,6,60001),(252,6,60002),(252,6,60003),(252,6,60004),(252,6,60005),(339,6,60004),(339,6,60005),(339,6,60006),(339,6,60007),(339,6,60008),(342,6,60001),(342,6,60002),(342,6,60003),(342,6,60004),(342,6,60006),(345,6,60001),(345,6,60002),(345,6,60006),(345,6,60007),(345,6,60008),(352,6,60001),(352,6,60002),(352,6,60003),(352,6,60004),(352,6,60006),(355,6,60002),(355,6,60004),(355,6,60006),(355,6,60007),(355,6,60008),(360,6,60001),(360,6,60002),(360,6,60003),(360,6,60004),(360,6,60007),(364,6,60001),(364,6,60002),(364,6,60003),(364,6,60004),(364,6,60005),(451,6,60004),(451,6,60005),(451,6,60006),(451,6,60007),(451,6,60008),(454,6,60001),(454,6,60002),(454,6,60003),(454,6,60004),(454,6,60006),(457,6,60001),(457,6,60002),(457,6,60006),(457,6,60007),(457,6,60008),(464,6,60001),(464,6,60002),(464,6,60003),(464,6,60004),(464,6,60006),(467,6,60002),(467,6,60004),(467,6,60006),(467,6,60007),(467,6,60008),(472,6,60001),(472,6,60002),(472,6,60003),(472,6,60004),(472,6,60007),(476,6,60001),(476,6,60002),(476,6,60003),(476,6,60004),(476,6,60005),(563,6,60004),(563,6,60005),(563,6,60006),(563,6,60007),(563,6,60008),(566,6,60001),(566,6,60002),(566,6,60003),(566,6,60004),(566,6,60006),(569,6,60001),(569,6,60002),(569,6,60006),(569,6,60007),(569,6,60008),(576,6,60001),(576,6,60002),(576,6,60003),(576,6,60004),(576,6,60006),(579,6,60002),(579,6,60004),(579,6,60006),(579,6,60007),(579,6,60008),(584,6,60001),(584,6,60002),(584,6,60003),(584,6,60004),(584,6,60007),(588,6,60001),(588,6,60002),(588,6,60003),(588,6,60004),(588,6,60005),(2,7,70001),(2,7,70002),(2,7,70003),(2,7,70005),(2,7,70018),(5,7,70001),(5,7,70003),(5,7,70004),(5,7,70006),(5,7,70008),(12,7,70003),(12,7,70004),(12,7,70006),(12,7,70007),(12,7,70018),(15,7,70001),(15,7,70002),(15,7,70003),(15,7,70004),(15,7,70005),(20,7,70001),(20,7,70002),(20,7,70003),(20,7,70008),(20,7,70018),(24,7,70001),(24,7,70003),(24,7,70004),(24,7,70005),(24,7,70007),(27,7,70005),(27,7,70006),(27,7,70007),(27,7,70008),(27,7,70018),(114,7,70001),(114,7,70002),(114,7,70003),(114,7,70004),(114,7,70005),(117,7,70003),(117,7,70004),(117,7,70006),(117,7,70008),(117,7,70018),(124,7,70001),(124,7,70003),(124,7,70006),(124,7,70007),(124,7,70018),(127,7,70001),(127,7,70002),(127,7,70003),(127,7,70004),(127,7,70005),(132,7,70002),(132,7,70003),(132,7,70004),(132,7,70008),(132,7,70018),(136,7,70001),(136,7,70003),(136,7,70005),(136,7,70007),(136,7,70018),(139,7,70004),(139,7,70005),(139,7,70006),(139,7,70007),(139,7,70008),(226,7,70001),(226,7,70002),(226,7,70003),(226,7,70004),(226,7,70005),(229,7,70001),(229,7,70003),(229,7,70004),(229,7,70006),(229,7,70008),(236,7,70001),(236,7,70003),(236,7,70004),(236,7,70006),(236,7,70007),(239,7,70001),(239,7,70002),(239,7,70003),(239,7,70004),(239,7,70005),(244,7,70001),(244,7,70002),(244,7,70003),(244,7,70004),(244,7,70008),(248,7,70001),(248,7,70003),(248,7,70004),(248,7,70005),(248,7,70007),(251,7,70004),(251,7,70005),(251,7,70006),(251,7,70007),(251,7,70008),(338,7,70002),(338,7,70003),(338,7,70004),(338,7,70005),(338,7,70018),(341,7,70001),(341,7,70003),(341,7,70006),(341,7,70008),(341,7,70018),(348,7,70003),(348,7,70004),(348,7,70006),(348,7,70007),(348,7,70018),(351,7,70001),(351,7,70002),(351,7,70003),(351,7,70004),(351,7,70005),(356,7,70001),(356,7,70002),(356,7,70003),(356,7,70004),(356,7,70008),(360,7,70001),(360,7,70003),(360,7,70004),(360,7,70005),(360,7,70007),(363,7,70004),(363,7,70005),(363,7,70006),(363,7,70007),(363,7,70008),(450,7,70001),(450,7,70002),(450,7,70003),(450,7,70004),(450,7,70005),(453,7,70001),(453,7,70003),(453,7,70004),(453,7,70006),(453,7,70008),(460,7,70001),(460,7,70003),(460,7,70004),(460,7,70006),(460,7,70007),(463,7,70001),(463,7,70002),(463,7,70003),(463,7,70004),(463,7,70005),(468,7,70001),(468,7,70002),(468,7,70003),(468,7,70004),(468,7,70008),(472,7,70001),(472,7,70003),(472,7,70004),(472,7,70005),(472,7,70007),(475,7,70004),(475,7,70005),(475,7,70006),(475,7,70007),(475,7,70008),(562,7,70001),(562,7,70002),(562,7,70003),(562,7,70004),(562,7,70005),(565,7,70001),(565,7,70003),(565,7,70004),(565,7,70006),(565,7,70008),(572,7,70001),(572,7,70003),(572,7,70004),(572,7,70006),(572,7,70007),(575,7,70001),(575,7,70002),(575,7,70003),(575,7,70004),(575,7,70005),(580,7,70001),(580,7,70002),(580,7,70003),(580,7,70004),(580,7,70008),(584,7,70001),(584,7,70003),(584,7,70004),(584,7,70005),(584,7,70007),(587,7,70004),(587,7,70005),(587,7,70006),(587,7,70007),(587,7,70008),(1,8,80001),(1,8,80002),(1,8,80003),(1,8,80004),(1,8,80005),(8,8,80003),(8,8,80004),(8,8,80005),(8,8,80006),(8,8,80007),(11,8,80001),(11,8,80002),(11,8,80003),(11,8,80004),(11,8,80005),(14,8,80003),(14,8,80004),(14,8,80005),(14,8,80006),(14,8,80007),(20,8,80001),(20,8,80002),(20,8,80003),(20,8,80004),(20,8,80005),(23,8,80003),(23,8,80004),(23,8,80006),(23,8,80007),(23,8,80008),(28,8,80001),(28,8,80002),(28,8,80003),(28,8,80004),(28,8,80005),(113,8,80001),(113,8,80002),(113,8,80003),(113,8,80004),(113,8,80005),(120,8,80003),(120,8,80004),(120,8,80005),(120,8,80006),(120,8,80007),(123,8,80001),(123,8,80002),(123,8,80003),(123,8,80004),(123,8,80005),(126,8,80003),(126,8,80004),(126,8,80005),(126,8,80006),(126,8,80007),(132,8,80001),(132,8,80002),(132,8,80003),(132,8,80004),(132,8,80005),(135,8,80003),(135,8,80004),(135,8,80005),(135,8,80006),(135,8,80007),(140,8,80001),(140,8,80002),(140,8,80003),(140,8,80004),(140,8,80005),(225,8,80001),(225,8,80002),(225,8,80003),(225,8,80004),(225,8,80005),(232,8,80003),(232,8,80004),(232,8,80005),(232,8,80006),(232,8,80007),(235,8,80001),(235,8,80002),(235,8,80003),(235,8,80004),(235,8,80005),(238,8,80003),(238,8,80004),(238,8,80005),(238,8,80006),(238,8,80007),(244,8,80001),(244,8,80002),(244,8,80003),(244,8,80004),(244,8,80005),(247,8,80003),(247,8,80004),(247,8,80005),(247,8,80006),(247,8,80007),(252,8,80001),(252,8,80002),(252,8,80003),(252,8,80004),(252,8,80005),(337,8,80001),(337,8,80002),(337,8,80003),(337,8,80004),(337,8,80005),(344,8,80003),(344,8,80004),(344,8,80005),(344,8,80006),(344,8,80007),(347,8,80001),(347,8,80002),(347,8,80003),(347,8,80004),(347,8,80005),(350,8,80003),(350,8,80004),(350,8,80005),(350,8,80006),(350,8,80007),(356,8,80001),(356,8,80002),(356,8,80003),(356,8,80004),(356,8,80005),(359,8,80003),(359,8,80004),(359,8,80005),(359,8,80006),(359,8,80007),(364,8,80001),(364,8,80002),(364,8,80003),(364,8,80004),(364,8,80005),(449,8,70018),(449,8,80001),(449,8,80002),(449,8,80004),(449,8,80005),(456,8,80003),(456,8,80004),(456,8,80005),(456,8,80006),(456,8,80007),(459,8,70018),(459,8,80001),(459,8,80002),(459,8,80003),(459,8,80005),(462,8,70018),(462,8,80003),(462,8,80004),(462,8,80006),(462,8,80007),(468,8,70018),(468,8,80001),(468,8,80002),(468,8,80003),(468,8,80004),(471,8,80003),(471,8,80004),(471,8,80005),(471,8,80006),(471,8,80007),(476,8,80001),(476,8,80002),(476,8,80003),(476,8,80004),(476,8,80005),(561,8,80001),(561,8,80002),(561,8,80003),(561,8,80004),(561,8,80005),(568,8,80003),(568,8,80004),(568,8,80005),(568,8,80006),(568,8,80007),(571,8,80001),(571,8,80002),(571,8,80003),(571,8,80004),(571,8,80005),(574,8,80003),(574,8,80004),(574,8,80005),(574,8,80006),(574,8,80007),(580,8,80001),(580,8,80002),(580,8,80003),(580,8,80004),(580,8,80005),(583,8,80003),(583,8,80004),(583,8,80005),(583,8,80006),(583,8,80007),(588,8,80001),(588,8,80002),(588,8,80003),(588,8,80004),(588,8,80005),(29,9,10019),(29,9,10020),(29,9,10021),(29,9,10022),(29,9,10027),(33,9,10021),(33,9,10022),(33,9,10023),(33,9,10024),(33,9,10025),(37,9,10020),(37,9,10021),(37,9,10022),(37,9,10023),(37,9,10024),(41,9,10019),(41,9,10020),(41,9,10021),(41,9,10022),(41,9,10027),(45,9,10019),(45,9,10020),(45,9,10024),(45,9,10025),(45,9,10027),(49,9,10019),(49,9,10020),(49,9,10024),(49,9,10025),(49,9,10027),(53,9,10019),(53,9,10020),(53,9,10021),(53,9,10022),(53,9,10027),(141,9,10019),(141,9,10020),(141,9,10021),(141,9,10022),(141,9,10027),(145,9,10021),(145,9,10022),(145,9,10023),(145,9,10024),(145,9,10025),(149,9,10020),(149,9,10021),(149,9,10022),(149,9,10023),(149,9,10024),(153,9,10019),(153,9,10020),(153,9,10021),(153,9,10022),(153,9,10027),(157,9,10019),(157,9,10020),(157,9,10024),(157,9,10025),(157,9,10027),(161,9,10019),(161,9,10020),(161,9,10024),(161,9,10025),(161,9,10027),(165,9,10019),(165,9,10020),(165,9,10021),(165,9,10022),(165,9,10027),(253,9,10019),(253,9,10020),(253,9,10021),(253,9,10022),(253,9,10027),(257,9,10021),(257,9,10022),(257,9,10023),(257,9,10024),(257,9,10025),(261,9,10020),(261,9,10021),(261,9,10022),(261,9,10023),(261,9,10024),(265,9,10019),(265,9,10020),(265,9,10021),(265,9,10022),(265,9,10027),(269,9,10019),(269,9,10020),(269,9,10024),(269,9,10025),(269,9,10027),(273,9,10019),(273,9,10020),(273,9,10024),(273,9,10025),(273,9,10027),(277,9,10019),(277,9,10020),(277,9,10021),(277,9,10022),(277,9,10027),(365,9,10019),(365,9,10020),(365,9,10021),(365,9,10022),(365,9,10027),(369,9,10021),(369,9,10022),(369,9,10023),(369,9,10024),(369,9,10025),(373,9,10020),(373,9,10021),(373,9,10022),(373,9,10023),(373,9,10024),(377,9,10019),(377,9,10020),(377,9,10021),(377,9,10022),(377,9,10027),(381,9,10019),(381,9,10020),(381,9,10024),(381,9,10025),(381,9,10027),(385,9,10019),(385,9,10020),(385,9,10024),(385,9,10025),(385,9,10027),(389,9,10019),(389,9,10020),(389,9,10021),(389,9,10022),(389,9,10027),(477,9,10019),(477,9,10020),(477,9,10021),(477,9,10022),(477,9,10027),(481,9,10021),(481,9,10022),(481,9,10023),(481,9,10024),(481,9,10025),(485,9,10020),(485,9,10021),(485,9,10022),(485,9,10023),(485,9,10024),(489,9,10019),(489,9,10020),(489,9,10021),(489,9,10022),(489,9,10027),(493,9,10019),(493,9,10020),(493,9,10024),(493,9,10025),(493,9,10027),(497,9,10019),(497,9,10020),(497,9,10024),(497,9,10025),(497,9,10027),(501,9,10019),(501,9,10020),(501,9,10021),(501,9,10022),(501,9,10027),(589,9,10019),(589,9,10020),(589,9,10021),(589,9,10022),(589,9,10027),(593,9,10021),(593,9,10022),(593,9,10023),(593,9,10024),(593,9,10025),(597,9,10021),(597,9,10022),(597,9,10023),(597,9,10024),(597,9,30027),(601,9,10019),(601,9,10020),(601,9,10021),(601,9,10022),(601,9,10027),(605,9,10019),(605,9,10024),(605,9,10025),(605,9,10027),(605,9,30027),(609,9,10019),(609,9,10020),(609,9,10024),(609,9,10025),(609,9,10027),(613,9,10019),(613,9,10021),(613,9,10022),(613,9,10027),(613,9,30027),(30,10,20018),(30,10,20019),(30,10,20020),(30,10,20021),(30,10,20022),(34,10,20020),(34,10,20021),(34,10,20022),(34,10,20023),(34,10,20024),(38,10,20018),(38,10,20019),(38,10,20020),(38,10,20021),(38,10,20022),(42,10,20020),(42,10,20021),(42,10,20022),(42,10,20023),(42,10,20024),(45,10,20018),(45,10,20019),(45,10,20022),(45,10,20023),(45,10,20024),(50,10,20018),(50,10,20019),(50,10,20020),(50,10,20021),(50,10,20024),(54,10,20018),(54,10,20019),(54,10,20022),(54,10,20023),(54,10,20024),(142,10,20018),(142,10,20019),(142,10,20020),(142,10,20021),(142,10,20022),(146,10,20020),(146,10,20021),(146,10,20022),(146,10,20023),(146,10,20024),(150,10,20018),(150,10,20019),(150,10,20020),(150,10,20021),(150,10,20022),(154,10,20020),(154,10,20021),(154,10,20022),(154,10,20023),(154,10,20024),(157,10,20018),(157,10,20019),(157,10,20022),(157,10,20023),(157,10,20024),(162,10,20018),(162,10,20019),(162,10,20020),(162,10,20021),(162,10,20024),(166,10,20018),(166,10,20019),(166,10,20022),(166,10,20023),(166,10,20024),(254,10,20018),(254,10,20019),(254,10,20020),(254,10,20021),(254,10,20022),(258,10,20020),(258,10,20021),(258,10,20023),(258,10,20024),(258,10,30027),(262,10,20018),(262,10,20019),(262,10,20020),(262,10,20021),(262,10,20022),(266,10,20020),(266,10,20021),(266,10,20023),(266,10,20024),(266,10,30027),(269,10,20018),(269,10,20019),(269,10,20022),(269,10,20023),(269,10,20024),(274,10,20018),(274,10,20019),(274,10,20020),(274,10,20021),(274,10,20024),(278,10,20018),(278,10,20019),(278,10,20023),(278,10,20024),(278,10,30027),(366,10,20018),(366,10,20019),(366,10,20020),(366,10,20021),(366,10,20022),(370,10,20020),(370,10,20021),(370,10,20023),(370,10,20024),(370,10,30027),(374,10,20018),(374,10,20019),(374,10,20020),(374,10,20021),(374,10,30027),(378,10,20020),(378,10,20021),(378,10,20022),(378,10,20023),(378,10,20024),(381,10,20018),(381,10,20019),(381,10,20022),(381,10,20023),(381,10,20024),(386,10,20018),(386,10,20019),(386,10,20020),(386,10,20021),(386,10,20024),(390,10,20018),(390,10,20019),(390,10,20022),(390,10,20023),(390,10,20024),(478,10,20018),(478,10,20019),(478,10,20020),(478,10,20021),(478,10,20022),(482,10,20020),(482,10,20021),(482,10,20023),(482,10,20024),(482,10,30027),(486,10,20018),(486,10,20019),(486,10,20020),(486,10,20021),(486,10,30027),(490,10,20020),(490,10,20021),(490,10,20022),(490,10,20023),(490,10,20024),(493,10,20018),(493,10,20019),(493,10,20022),(493,10,20023),(493,10,20024),(498,10,20018),(498,10,20019),(498,10,20020),(498,10,20021),(498,10,20024),(502,10,20018),(502,10,20019),(502,10,20022),(502,10,20023),(502,10,20024),(590,10,20018),(590,10,20019),(590,10,20020),(590,10,20021),(590,10,20022),(594,10,20020),(594,10,20021),(594,10,20022),(594,10,20023),(594,10,20024),(598,10,20018),(598,10,20019),(598,10,20020),(598,10,20021),(598,10,20022),(602,10,20020),(602,10,20021),(602,10,20022),(602,10,20023),(602,10,20024),(605,10,20018),(605,10,20019),(605,10,20022),(605,10,20023),(605,10,20024),(610,10,20018),(610,10,20019),(610,10,20020),(610,10,20021),(610,10,20024),(614,10,20018),(614,10,20019),(614,10,20022),(614,10,20023),(614,10,20024),(31,11,30018),(31,11,30019),(31,11,30021),(31,11,30022),(31,11,30027),(35,11,30020),(35,11,30021),(35,11,30022),(35,11,30023),(35,11,30024),(39,11,30018),(39,11,30019),(39,11,30020),(39,11,30021),(39,11,30022),(43,11,30020),(43,11,30021),(43,11,30022),(43,11,30023),(43,11,30024),(46,11,30018),(46,11,30019),(46,11,30021),(46,11,30022),(46,11,30027),(50,11,30018),(50,11,30019),(50,11,30022),(50,11,30023),(50,11,30024),(53,11,30020),(53,11,30021),(53,11,30022),(53,11,30023),(53,11,30024),(143,11,30018),(143,11,30019),(143,11,30020),(143,11,30022),(143,11,30027),(147,11,30020),(147,11,30021),(147,11,30022),(147,11,30023),(147,11,30024),(151,11,30018),(151,11,30019),(151,11,30020),(151,11,30022),(151,11,30027),(155,11,30020),(155,11,30022),(155,11,30023),(155,11,30024),(155,11,30027),(158,11,30018),(158,11,30019),(158,11,30020),(158,11,30021),(158,11,30022),(162,11,30018),(162,11,30019),(162,11,30022),(162,11,30023),(162,11,30024),(165,11,30020),(165,11,30021),(165,11,30022),(165,11,30023),(165,11,30024),(255,11,30018),(255,11,30019),(255,11,30020),(255,11,30021),(255,11,30022),(259,11,30020),(259,11,30021),(259,11,30022),(259,11,30023),(259,11,30024),(263,11,30018),(263,11,30019),(263,11,30020),(263,11,30021),(263,11,30022),(267,11,30020),(267,11,30021),(267,11,30022),(267,11,30023),(267,11,30024),(270,11,30018),(270,11,30019),(270,11,30020),(270,11,30021),(270,11,30022),(274,11,30018),(274,11,30019),(274,11,30022),(274,11,30023),(274,11,30024),(277,11,30020),(277,11,30021),(277,11,30022),(277,11,30023),(277,11,30024),(367,11,30018),(367,11,30019),(367,11,30020),(367,11,30021),(367,11,30022),(371,11,30020),(371,11,30021),(371,11,30022),(371,11,30023),(371,11,30024),(375,11,30018),(375,11,30019),(375,11,30020),(375,11,30021),(375,11,30022),(379,11,30020),(379,11,30021),(379,11,30022),(379,11,30023),(379,11,30024),(382,11,30018),(382,11,30019),(382,11,30020),(382,11,30021),(382,11,30022),(386,11,30018),(386,11,30019),(386,11,30022),(386,11,30023),(386,11,30024),(389,11,30020),(389,11,30021),(389,11,30022),(389,11,30023),(389,11,30024),(479,11,30018),(479,11,30019),(479,11,30020),(479,11,30021),(479,11,30022),(483,11,30020),(483,11,30021),(483,11,30022),(483,11,30023),(483,11,30024),(487,11,30018),(487,11,30019),(487,11,30020),(487,11,30021),(487,11,30022),(491,11,30020),(491,11,30021),(491,11,30022),(491,11,30023),(491,11,30024),(494,11,30018),(494,11,30019),(494,11,30020),(494,11,30021),(494,11,30022),(498,11,30018),(498,11,30019),(498,11,30022),(498,11,30023),(498,11,30024),(501,11,30020),(501,11,30021),(501,11,30022),(501,11,30023),(501,11,30024),(591,11,30018),(591,11,30019),(591,11,30020),(591,11,30021),(591,11,30022),(595,11,30020),(595,11,30021),(595,11,30022),(595,11,30023),(595,11,30024),(599,11,30018),(599,11,30019),(599,11,30020),(599,11,30021),(599,11,30022),(603,11,30020),(603,11,30021),(603,11,30022),(603,11,30023),(603,11,30024),(606,11,30018),(606,11,30019),(606,11,30020),(606,11,30021),(606,11,30022),(610,11,30018),(610,11,30019),(610,11,30022),(610,11,30023),(610,11,30024),(613,11,30020),(613,11,30021),(613,11,30022),(613,11,30023),(613,11,30024),(32,12,40018),(32,12,40019),(32,12,40020),(32,12,40021),(32,12,40022),(36,12,40020),(36,12,40021),(36,12,40022),(36,12,40023),(36,12,40024),(40,12,40018),(40,12,40019),(40,12,40020),(40,12,40021),(40,12,40022),(44,12,40019),(44,12,40020),(44,12,40021),(44,12,40022),(44,12,40023),(46,12,40018),(46,12,40019),(46,12,40020),(46,12,40021),(46,12,40022),(49,12,40019),(49,12,40020),(49,12,40021),(49,12,40022),(49,12,40024),(54,12,40018),(54,12,40019),(54,12,40020),(54,12,40021),(54,12,40022),(144,12,40018),(144,12,40019),(144,12,40020),(144,12,40021),(144,12,40022),(148,12,40020),(148,12,40021),(148,12,40022),(148,12,40023),(148,12,40024),(152,12,40018),(152,12,40019),(152,12,40020),(152,12,40021),(152,12,40022),(156,12,40019),(156,12,40020),(156,12,40021),(156,12,40022),(156,12,40023),(158,12,40018),(158,12,40019),(158,12,40020),(158,12,40021),(158,12,40022),(161,12,40019),(161,12,40020),(161,12,40021),(161,12,40022),(161,12,40024),(166,12,40018),(166,12,40019),(166,12,40020),(166,12,40021),(166,12,40022),(256,12,40018),(256,12,40019),(256,12,40020),(256,12,40021),(256,12,40022),(260,12,40020),(260,12,40021),(260,12,40022),(260,12,40023),(260,12,40024),(264,12,40018),(264,12,40019),(264,12,40020),(264,12,40021),(264,12,40022),(268,12,40019),(268,12,40020),(268,12,40021),(268,12,40022),(268,12,40023),(270,12,40018),(270,12,40019),(270,12,40020),(270,12,40021),(270,12,40022),(273,12,40019),(273,12,40020),(273,12,40021),(273,12,40022),(273,12,40024),(278,12,40018),(278,12,40019),(278,12,40020),(278,12,40021),(278,12,40022),(368,12,40018),(368,12,40019),(368,12,40020),(368,12,40021),(368,12,40022),(372,12,40020),(372,12,40021),(372,12,40022),(372,12,40023),(372,12,40024),(376,12,40018),(376,12,40019),(376,12,40020),(376,12,40021),(376,12,40022),(380,12,40019),(380,12,40020),(380,12,40021),(380,12,40022),(380,12,40023),(382,12,40018),(382,12,40019),(382,12,40020),(382,12,40021),(382,12,40022),(385,12,40019),(385,12,40020),(385,12,40021),(385,12,40022),(385,12,40024),(390,12,40018),(390,12,40019),(390,12,40020),(390,12,40021),(390,12,40022),(480,12,40018),(480,12,40019),(480,12,40020),(480,12,40021),(480,12,40022),(484,12,40020),(484,12,40021),(484,12,40022),(484,12,40023),(484,12,40024),(488,12,40018),(488,12,40019),(488,12,40020),(488,12,40021),(488,12,40022),(492,12,40019),(492,12,40020),(492,12,40021),(492,12,40022),(492,12,40023),(494,12,40018),(494,12,40019),(494,12,40020),(494,12,40021),(494,12,40022),(497,12,40019),(497,12,40020),(497,12,40021),(497,12,40022),(497,12,40024),(502,12,40018),(502,12,40019),(502,12,40020),(502,12,40021),(502,12,40022),(592,12,40018),(592,12,40019),(592,12,40020),(592,12,40021),(592,12,40022),(596,12,40020),(596,12,40021),(596,12,40022),(596,12,40023),(596,12,40024),(600,12,40018),(600,12,40019),(600,12,40020),(600,12,40021),(600,12,40022),(604,12,40019),(604,12,40020),(604,12,40021),(604,12,40022),(604,12,40023),(606,12,40018),(606,12,40019),(606,12,40020),(606,12,40021),(606,12,40022),(609,12,40019),(609,12,40020),(609,12,40021),(609,12,40022),(609,12,40024),(614,12,40018),(614,12,40019),(614,12,40020),(614,12,40021),(614,12,40022),(32,13,50018),(32,13,50019),(32,13,50020),(32,13,50021),(32,13,50022),(35,13,50020),(35,13,50021),(35,13,50022),(35,13,50023),(35,13,50024),(38,13,50018),(38,13,50020),(38,13,50021),(38,13,50023),(38,13,50024),(41,13,50018),(41,13,50019),(41,13,50020),(41,13,50023),(41,13,50024),(47,13,50018),(47,13,50019),(47,13,50022),(47,13,50023),(47,13,50024),(51,13,50020),(51,13,50021),(51,13,50022),(51,13,50023),(51,13,50024),(55,13,50018),(55,13,50019),(55,13,50020),(55,13,50021),(55,13,50022),(144,13,50018),(144,13,50019),(144,13,50020),(144,13,50021),(144,13,50022),(147,13,50020),(147,13,50021),(147,13,50022),(147,13,50023),(147,13,50024),(150,13,50018),(150,13,50020),(150,13,50021),(150,13,50023),(150,13,50024),(153,13,50018),(153,13,50019),(153,13,50020),(153,13,50023),(153,13,50024),(159,13,50018),(159,13,50019),(159,13,50022),(159,13,50023),(159,13,50024),(163,13,50020),(163,13,50021),(163,13,50022),(163,13,50023),(163,13,50024),(167,13,50018),(167,13,50019),(167,13,50020),(167,13,50021),(167,13,50022),(256,13,50018),(256,13,50019),(256,13,50020),(256,13,50021),(256,13,50022),(259,13,50020),(259,13,50021),(259,13,50022),(259,13,50023),(259,13,50024),(262,13,50018),(262,13,50020),(262,13,50021),(262,13,50023),(262,13,50024),(265,13,50018),(265,13,50019),(265,13,50020),(265,13,50023),(265,13,50024),(271,13,50018),(271,13,50019),(271,13,50022),(271,13,50023),(271,13,50024),(275,13,50020),(275,13,50021),(275,13,50022),(275,13,50023),(275,13,50024),(279,13,50018),(279,13,50019),(279,13,50020),(279,13,50021),(279,13,50022),(368,13,50018),(368,13,50019),(368,13,50020),(368,13,50021),(368,13,50022),(371,13,50020),(371,13,50021),(371,13,50022),(371,13,50023),(371,13,50024),(374,13,50018),(374,13,50020),(374,13,50021),(374,13,50023),(374,13,50024),(377,13,50018),(377,13,50019),(377,13,50020),(377,13,50023),(377,13,50024),(383,13,50018),(383,13,50019),(383,13,50022),(383,13,50023),(383,13,50024),(387,13,50020),(387,13,50021),(387,13,50022),(387,13,50023),(387,13,50024),(391,13,50018),(391,13,50019),(391,13,50020),(391,13,50021),(391,13,50022),(480,13,50018),(480,13,50019),(480,13,50020),(480,13,50021),(480,13,50022),(483,13,50020),(483,13,50021),(483,13,50022),(483,13,50023),(483,13,50024),(486,13,50018),(486,13,50020),(486,13,50021),(486,13,50023),(486,13,50024),(489,13,50018),(489,13,50019),(489,13,50020),(489,13,50023),(489,13,50024),(495,13,50018),(495,13,50019),(495,13,50022),(495,13,50023),(495,13,50024),(499,13,50020),(499,13,50021),(499,13,50022),(499,13,50023),(499,13,50024),(503,13,50018),(503,13,50019),(503,13,50020),(503,13,50021),(503,13,50022),(592,13,50018),(592,13,50019),(592,13,50020),(592,13,50021),(592,13,50022),(595,13,50020),(595,13,50021),(595,13,50022),(595,13,50023),(595,13,50024),(598,13,50018),(598,13,50020),(598,13,50021),(598,13,50023),(598,13,50024),(601,13,50018),(601,13,50019),(601,13,50020),(601,13,50023),(601,13,50024),(607,13,50018),(607,13,50019),(607,13,50022),(607,13,50023),(607,13,50024),(611,13,50020),(611,13,50021),(611,13,50022),(611,13,50023),(611,13,50024),(615,13,50018),(615,13,50019),(615,13,50020),(615,13,50021),(615,13,50022),(31,14,60018),(31,14,60019),(31,14,60020),(31,14,60021),(31,14,60022),(34,14,60018),(34,14,60019),(34,14,60020),(34,14,60021),(34,14,60022),(37,14,60019),(37,14,60020),(37,14,60021),(37,14,60022),(37,14,60023),(44,14,60020),(44,14,60021),(44,14,60022),(44,14,60023),(44,14,60024),(47,14,60018),(47,14,60019),(47,14,60020),(47,14,60023),(47,14,60024),(52,14,60019),(52,14,60020),(52,14,60022),(52,14,60023),(52,14,60024),(56,14,60018),(56,14,60019),(56,14,60022),(56,14,60023),(56,14,60024),(143,14,60018),(143,14,60019),(143,14,60020),(143,14,60021),(143,14,60022),(146,14,60018),(146,14,60019),(146,14,60020),(146,14,60021),(146,14,60022),(149,14,60019),(149,14,60020),(149,14,60021),(149,14,60022),(149,14,60023),(156,14,60020),(156,14,60021),(156,14,60022),(156,14,60023),(156,14,60024),(159,14,60018),(159,14,60019),(159,14,60020),(159,14,60023),(159,14,60024),(164,14,60019),(164,14,60020),(164,14,60022),(164,14,60023),(164,14,60024),(168,14,60018),(168,14,60019),(168,14,60022),(168,14,60023),(168,14,60024),(255,14,60018),(255,14,60019),(255,14,60020),(255,14,60021),(255,14,60022),(258,14,60018),(258,14,60019),(258,14,60020),(258,14,60021),(258,14,60022),(261,14,60019),(261,14,60020),(261,14,60021),(261,14,60022),(261,14,60023),(268,14,60020),(268,14,60021),(268,14,60022),(268,14,60023),(268,14,60024),(271,14,60018),(271,14,60019),(271,14,60020),(271,14,60023),(271,14,60024),(276,14,60019),(276,14,60020),(276,14,60022),(276,14,60023),(276,14,60024),(280,14,60018),(280,14,60019),(280,14,60022),(280,14,60023),(280,14,60024),(367,14,60018),(367,14,60019),(367,14,60020),(367,14,60021),(367,14,60022),(370,14,60018),(370,14,60019),(370,14,60020),(370,14,60021),(370,14,60022),(373,14,60019),(373,14,60020),(373,14,60021),(373,14,60022),(373,14,60023),(380,14,60020),(380,14,60021),(380,14,60022),(380,14,60023),(380,14,60024),(383,14,60018),(383,14,60019),(383,14,60020),(383,14,60023),(383,14,60024),(388,14,60019),(388,14,60020),(388,14,60022),(388,14,60023),(388,14,60024),(392,14,60018),(392,14,60019),(392,14,60022),(392,14,60023),(392,14,60024),(479,14,60018),(479,14,60019),(479,14,60020),(479,14,60021),(479,14,60022),(482,14,60018),(482,14,60019),(482,14,60020),(482,14,60021),(482,14,60022),(485,14,60019),(485,14,60020),(485,14,60021),(485,14,60022),(485,14,60023),(492,14,60020),(492,14,60021),(492,14,60022),(492,14,60023),(492,14,60024),(495,14,60018),(495,14,60019),(495,14,60020),(495,14,60023),(495,14,60024),(500,14,60019),(500,14,60020),(500,14,60022),(500,14,60023),(500,14,60024),(504,14,60018),(504,14,60019),(504,14,60022),(504,14,60023),(504,14,60024),(591,14,60018),(591,14,60019),(591,14,60020),(591,14,60021),(591,14,60022),(594,14,60018),(594,14,60019),(594,14,60020),(594,14,60021),(594,14,60022),(597,14,60019),(597,14,60020),(597,14,60021),(597,14,60022),(597,14,60023),(604,14,60020),(604,14,60021),(604,14,60022),(604,14,60023),(604,14,60024),(607,14,60018),(607,14,60019),(607,14,60020),(607,14,60023),(607,14,60024),(612,14,60019),(612,14,60020),(612,14,60022),(612,14,60023),(612,14,60024),(616,14,60018),(616,14,60019),(616,14,60022),(616,14,60023),(616,14,60024),(30,15,70019),(30,15,70020),(30,15,70021),(30,15,70022),(30,15,70026),(33,15,70019),(33,15,70020),(33,15,70021),(33,15,70023),(33,15,70024),(40,15,70019),(40,15,70020),(40,15,70022),(40,15,70023),(40,15,70024),(43,15,70020),(43,15,70021),(43,15,70022),(43,15,70023),(43,15,70024),(48,15,70019),(48,15,70020),(48,15,70021),(48,15,70024),(48,15,70026),(52,15,70020),(52,15,70021),(52,15,70022),(52,15,70023),(52,15,70024),(55,15,70019),(55,15,70020),(55,15,70021),(55,15,70022),(55,15,70026),(142,15,70019),(142,15,70020),(142,15,70021),(142,15,70022),(142,15,70026),(145,15,70019),(145,15,70020),(145,15,70021),(145,15,70023),(145,15,70024),(152,15,70019),(152,15,70020),(152,15,70022),(152,15,70023),(152,15,70024),(155,15,70020),(155,15,70021),(155,15,70022),(155,15,70023),(155,15,70024),(160,15,70019),(160,15,70020),(160,15,70021),(160,15,70024),(160,15,70026),(164,15,70020),(164,15,70021),(164,15,70022),(164,15,70023),(164,15,70024),(167,15,70019),(167,15,70020),(167,15,70021),(167,15,70022),(167,15,70026),(254,15,70019),(254,15,70020),(254,15,70021),(254,15,70022),(254,15,70026),(257,15,70019),(257,15,70020),(257,15,70021),(257,15,70023),(257,15,70024),(264,15,70019),(264,15,70020),(264,15,70022),(264,15,70023),(264,15,70024),(267,15,70020),(267,15,70021),(267,15,70022),(267,15,70023),(267,15,70024),(272,15,70019),(272,15,70020),(272,15,70021),(272,15,70024),(272,15,70026),(276,15,70020),(276,15,70021),(276,15,70022),(276,15,70023),(276,15,70024),(279,15,70019),(279,15,70020),(279,15,70021),(279,15,70022),(279,15,70026),(366,15,70019),(366,15,70020),(366,15,70021),(366,15,70022),(366,15,70026),(369,15,70019),(369,15,70020),(369,15,70021),(369,15,70023),(369,15,70024),(376,15,70019),(376,15,70020),(376,15,70022),(376,15,70023),(376,15,70024),(379,15,70020),(379,15,70021),(379,15,70022),(379,15,70023),(379,15,70024),(384,15,70019),(384,15,70020),(384,15,70021),(384,15,70024),(384,15,70026),(388,15,70020),(388,15,70021),(388,15,70022),(388,15,70023),(388,15,70024),(391,15,70019),(391,15,70020),(391,15,70021),(391,15,70022),(391,15,70026),(478,15,70019),(478,15,70020),(478,15,70021),(478,15,70022),(478,15,70026),(481,15,70019),(481,15,70020),(481,15,70021),(481,15,70023),(481,15,70024),(488,15,70019),(488,15,70020),(488,15,70022),(488,15,70023),(488,15,70024),(491,15,70020),(491,15,70021),(491,15,70022),(491,15,70023),(491,15,70024),(496,15,70019),(496,15,70020),(496,15,70021),(496,15,70024),(496,15,70026),(500,15,70020),(500,15,70021),(500,15,70022),(500,15,70023),(500,15,70024),(503,15,70019),(503,15,70020),(503,15,70021),(503,15,70022),(503,15,70026),(590,15,70019),(590,15,70020),(590,15,70021),(590,15,70022),(590,15,70026),(593,15,70019),(593,15,70020),(593,15,70021),(593,15,70023),(593,15,70024),(600,15,70019),(600,15,70020),(600,15,70022),(600,15,70023),(600,15,70024),(603,15,70020),(603,15,70021),(603,15,70022),(603,15,70023),(603,15,70024),(608,15,70019),(608,15,70020),(608,15,70021),(608,15,70024),(608,15,70026),(612,15,70020),(612,15,70021),(612,15,70022),(612,15,70023),(612,15,70024),(615,15,70019),(615,15,70020),(615,15,70021),(615,15,70022),(615,15,70026),(29,16,80021),(29,16,80022),(29,16,80023),(29,16,80024),(29,16,80025),(36,16,80021),(36,16,80022),(36,16,80023),(36,16,80024),(36,16,80025),(39,16,80021),(39,16,80022),(39,16,80023),(39,16,80024),(39,16,80025),(42,16,80019),(42,16,80020),(42,16,80022),(42,16,80023),(42,16,80024),(48,16,80019),(48,16,80020),(48,16,80022),(48,16,80023),(48,16,80024),(51,16,80019),(51,16,80020),(51,16,80023),(51,16,80024),(51,16,80025),(56,16,80019),(56,16,80020),(56,16,80021),(56,16,80022),(56,16,80023),(141,16,80021),(141,16,80022),(141,16,80023),(141,16,80024),(141,16,80025),(148,16,80021),(148,16,80022),(148,16,80023),(148,16,80024),(148,16,80025),(151,16,80021),(151,16,80022),(151,16,80023),(151,16,80024),(151,16,80025),(154,16,80019),(154,16,80020),(154,16,80022),(154,16,80023),(154,16,80024),(160,16,80019),(160,16,80020),(160,16,80022),(160,16,80023),(160,16,80024),(163,16,80019),(163,16,80020),(163,16,80023),(163,16,80024),(163,16,80025),(168,16,80019),(168,16,80020),(168,16,80021),(168,16,80022),(168,16,80023),(253,16,80021),(253,16,80022),(253,16,80023),(253,16,80024),(253,16,80025),(260,16,80021),(260,16,80022),(260,16,80023),(260,16,80024),(260,16,80025),(263,16,80021),(263,16,80022),(263,16,80023),(263,16,80024),(263,16,80025),(266,16,80019),(266,16,80020),(266,16,80022),(266,16,80023),(266,16,80024),(272,16,80019),(272,16,80020),(272,16,80022),(272,16,80023),(272,16,80024),(275,16,80019),(275,16,80020),(275,16,80023),(275,16,80024),(275,16,80025),(280,16,80019),(280,16,80020),(280,16,80021),(280,16,80022),(280,16,80023),(365,16,80021),(365,16,80022),(365,16,80023),(365,16,80024),(365,16,80025),(372,16,80021),(372,16,80022),(372,16,80023),(372,16,80024),(372,16,80025),(375,16,80021),(375,16,80022),(375,16,80023),(375,16,80024),(375,16,80025),(378,16,80019),(378,16,80020),(378,16,80022),(378,16,80023),(378,16,80024),(384,16,80019),(384,16,80020),(384,16,80022),(384,16,80023),(384,16,80024),(387,16,80019),(387,16,80020),(387,16,80023),(387,16,80024),(387,16,80025),(392,16,80019),(392,16,80020),(392,16,80021),(392,16,80022),(392,16,80023),(477,16,80021),(477,16,80022),(477,16,80023),(477,16,80024),(477,16,80025),(484,16,80021),(484,16,80022),(484,16,80023),(484,16,80024),(484,16,80025),(487,16,80021),(487,16,80022),(487,16,80023),(487,16,80024),(487,16,80025),(490,16,80019),(490,16,80020),(490,16,80022),(490,16,80023),(490,16,80024),(496,16,80019),(496,16,80020),(496,16,80022),(496,16,80023),(496,16,80024),(499,16,80019),(499,16,80020),(499,16,80023),(499,16,80024),(499,16,80025),(504,16,80019),(504,16,80020),(504,16,80021),(504,16,80022),(504,16,80023),(589,16,80021),(589,16,80022),(589,16,80023),(589,16,80024),(589,16,80025),(596,16,80021),(596,16,80022),(596,16,80023),(596,16,80024),(596,16,80025),(599,16,80021),(599,16,80022),(599,16,80023),(599,16,80024),(599,16,80025),(602,16,80019),(602,16,80020),(602,16,80022),(602,16,80023),(602,16,80024),(608,16,80019),(608,16,80020),(608,16,80022),(608,16,80023),(608,16,80024),(611,16,80019),(611,16,80020),(611,16,80023),(611,16,80024),(611,16,80025),(616,16,80019),(616,16,80020),(616,16,80021),(616,16,80022),(616,16,80023),(57,17,10008),(57,17,10009),(57,17,10022),(57,17,10025),(57,17,10026),(61,17,10001),(61,17,10009),(61,17,10023),(61,17,10025),(61,17,10026),(65,17,10002),(65,17,10009),(65,17,10022),(65,17,10025),(65,17,10026),(69,17,10004),(69,17,10009),(69,17,10022),(69,17,10025),(69,17,10026),(73,17,10009),(73,17,10018),(73,17,10025),(73,17,10026),(73,17,10027),(77,17,10009),(77,17,10023),(77,17,10024),(77,17,10025),(77,17,10026),(81,17,10018),(81,17,10019),(81,17,10025),(81,17,10026),(81,17,10027),(169,17,10008),(169,17,10009),(169,17,10022),(169,17,10025),(169,17,10026),(173,17,10001),(173,17,10009),(173,17,10023),(173,17,10025),(173,17,10026),(177,17,10002),(177,17,10009),(177,17,10022),(177,17,10025),(177,17,10026),(181,17,10004),(181,17,10018),(181,17,10022),(181,17,10025),(181,17,10026),(185,17,10009),(185,17,10018),(185,17,10025),(185,17,10026),(185,17,10027),(189,17,10018),(189,17,10023),(189,17,10024),(189,17,10025),(189,17,10026),(193,17,10009),(193,17,10019),(193,17,10025),(193,17,10026),(193,17,10027),(281,17,10008),(281,17,10009),(281,17,10022),(281,17,10025),(281,17,10026),(285,17,10001),(285,17,10009),(285,17,10023),(285,17,10025),(285,17,10026),(289,17,10002),(289,17,10009),(289,17,10022),(289,17,10025),(289,17,10026),(293,17,10004),(293,17,10009),(293,17,10022),(293,17,10025),(293,17,10026),(297,17,10005),(297,17,10009),(297,17,10025),(297,17,10026),(297,17,10027),(301,17,10009),(301,17,10023),(301,17,10024),(301,17,10025),(301,17,10026),(305,17,10009),(305,17,10019),(305,17,10025),(305,17,10026),(305,17,10027),(393,17,10008),(393,17,10009),(393,17,10022),(393,17,10025),(393,17,10026),(397,17,10001),(397,17,10009),(397,17,10023),(397,17,10025),(397,17,10026),(401,17,10002),(401,17,10009),(401,17,10022),(401,17,10025),(401,17,10026),(405,17,10004),(405,17,10009),(405,17,10022),(405,17,10025),(405,17,10026),(409,17,10005),(409,17,10009),(409,17,10025),(409,17,10026),(409,17,10027),(413,17,10009),(413,17,10023),(413,17,10024),(413,17,10025),(413,17,10026),(417,17,10009),(417,17,10019),(417,17,10025),(417,17,10026),(417,17,10027),(505,17,10008),(505,17,10009),(505,17,10022),(505,17,10025),(505,17,10026),(509,17,10001),(509,17,10009),(509,17,10023),(509,17,10025),(509,17,10026),(513,17,10002),(513,17,10009),(513,17,10022),(513,17,10025),(513,17,10026),(517,17,10004),(517,17,10009),(517,17,10022),(517,17,10025),(517,17,10026),(521,17,10005),(521,17,10009),(521,17,10025),(521,17,10026),(521,17,10027),(525,17,10009),(525,17,10023),(525,17,10024),(525,17,10025),(525,17,10026),(529,17,10009),(529,17,10019),(529,17,10025),(529,17,10026),(529,17,10027),(617,17,10008),(617,17,10009),(617,17,10022),(617,17,10025),(617,17,10026),(621,17,10001),(621,17,10009),(621,17,10023),(621,17,10025),(621,17,10026),(625,17,10002),(625,17,10009),(625,17,10022),(625,17,10025),(625,17,10026),(629,17,10004),(629,17,10009),(629,17,10022),(629,17,10025),(629,17,10026),(633,17,10005),(633,17,10025),(633,17,10026),(633,17,10027),(633,17,30027),(637,17,10023),(637,17,10024),(637,17,10025),(637,17,10026),(637,17,30027),(641,17,10019),(641,17,10025),(641,17,10026),(641,17,10027),(641,17,30027),(58,18,20001),(58,18,20009),(58,18,20018),(58,18,20025),(58,18,20026),(62,18,20006),(62,18,20009),(62,18,20023),(62,18,20025),(62,18,20026),(66,18,20002),(66,18,20009),(66,18,20023),(66,18,20025),(66,18,20026),(70,18,20003),(70,18,20009),(70,18,20023),(70,18,20025),(70,18,20026),(73,18,20005),(73,18,20009),(73,18,20023),(73,18,20025),(73,18,20026),(78,18,20009),(78,18,20020),(78,18,20023),(78,18,20025),(78,18,20026),(82,18,20009),(82,18,20020),(82,18,20023),(82,18,20025),(82,18,20026),(170,18,20001),(170,18,20009),(170,18,20018),(170,18,20025),(170,18,20026),(174,18,20006),(174,18,20009),(174,18,20023),(174,18,20025),(174,18,20026),(178,18,20002),(178,18,20009),(178,18,20023),(178,18,20025),(178,18,20026),(182,18,20003),(182,18,20009),(182,18,20023),(182,18,20025),(182,18,20026),(185,18,20005),(185,18,20009),(185,18,20023),(185,18,20025),(185,18,20026),(190,18,20009),(190,18,20020),(190,18,20023),(190,18,20025),(190,18,20026),(194,18,20009),(194,18,20020),(194,18,20023),(194,18,20025),(194,18,20026),(282,18,20009),(282,18,20018),(282,18,20025),(282,18,20026),(282,18,30027),(286,18,10018),(286,18,20023),(286,18,20025),(286,18,20026),(286,18,30027),(290,18,10018),(290,18,20023),(290,18,20025),(290,18,20026),(290,18,30027),(294,18,10018),(294,18,20023),(294,18,20025),(294,18,20026),(294,18,30027),(297,18,10018),(297,18,20023),(297,18,20025),(297,18,20026),(297,18,30027),(302,18,10018),(302,18,20020),(302,18,20023),(302,18,20025),(302,18,20026),(306,18,10018),(306,18,20020),(306,18,20023),(306,18,20025),(306,18,20026),(394,18,10018),(394,18,20018),(394,18,20025),(394,18,20026),(394,18,30027),(398,18,10018),(398,18,20023),(398,18,20025),(398,18,20026),(398,18,30027),(402,18,10018),(402,18,20023),(402,18,20025),(402,18,20026),(402,18,30027),(406,18,20009),(406,18,20023),(406,18,20025),(406,18,20026),(406,18,30027),(409,18,20009),(409,18,20023),(409,18,20025),(409,18,20026),(409,18,30027),(414,18,20009),(414,18,20020),(414,18,20023),(414,18,20025),(414,18,20026),(418,18,20009),(418,18,20020),(418,18,20023),(418,18,20025),(418,18,20026),(506,18,20009),(506,18,20018),(506,18,20025),(506,18,20026),(506,18,30027),(510,18,10018),(510,18,20023),(510,18,20025),(510,18,20026),(510,18,30027),(514,18,20009),(514,18,20023),(514,18,20025),(514,18,20026),(514,18,30027),(518,18,10018),(518,18,20023),(518,18,20025),(518,18,20026),(518,18,30027),(521,18,20009),(521,18,20023),(521,18,20025),(521,18,20026),(521,18,30027),(526,18,10018),(526,18,20020),(526,18,20023),(526,18,20025),(526,18,20026),(530,18,20009),(530,18,20020),(530,18,20023),(530,18,20025),(530,18,20026),(618,18,10018),(618,18,20001),(618,18,20018),(618,18,20025),(618,18,20026),(622,18,10018),(622,18,20006),(622,18,20023),(622,18,20025),(622,18,20026),(626,18,10018),(626,18,20002),(626,18,20023),(626,18,20025),(626,18,20026),(630,18,10018),(630,18,20009),(630,18,20023),(630,18,20025),(630,18,20026),(633,18,10018),(633,18,20009),(633,18,20023),(633,18,20025),(633,18,20026),(638,18,20009),(638,18,20020),(638,18,20023),(638,18,20025),(638,18,20026),(642,18,10018),(642,18,20020),(642,18,20023),(642,18,20025),(642,18,20026),(59,19,30009),(59,19,30023),(59,19,30025),(59,19,30026),(59,19,30027),(63,19,30002),(63,19,30009),(63,19,30020),(63,19,30025),(63,19,30026),(67,19,30009),(67,19,30022),(67,19,30025),(67,19,30026),(67,19,30027),(71,19,30005),(71,19,30009),(71,19,30024),(71,19,30025),(71,19,30026),(74,19,30007),(74,19,30009),(74,19,30023),(74,19,30025),(74,19,30026),(78,19,30008),(78,19,30009),(78,19,30023),(78,19,30025),(78,19,30026),(81,19,30003),(81,19,30009),(81,19,30024),(81,19,30025),(81,19,30026),(171,19,30001),(171,19,30023),(171,19,30025),(171,19,30026),(171,19,30027),(175,19,30002),(175,19,30020),(175,19,30025),(175,19,30026),(175,19,30027),(179,19,30004),(179,19,30009),(179,19,30022),(179,19,30025),(179,19,30026),(183,19,30005),(183,19,30009),(183,19,30024),(183,19,30025),(183,19,30026),(186,19,30007),(186,19,30009),(186,19,30023),(186,19,30025),(186,19,30026),(190,19,30008),(190,19,30009),(190,19,30023),(190,19,30025),(190,19,30026),(193,19,30003),(193,19,30009),(193,19,30024),(193,19,30025),(193,19,30026),(283,19,30001),(283,19,30009),(283,19,30023),(283,19,30025),(283,19,30026),(287,19,30002),(287,19,30009),(287,19,30020),(287,19,30025),(287,19,30026),(291,19,30004),(291,19,30009),(291,19,30022),(291,19,30025),(291,19,30026),(295,19,30005),(295,19,30009),(295,19,30024),(295,19,30025),(295,19,30026),(298,19,30007),(298,19,30009),(298,19,30023),(298,19,30025),(298,19,30026),(302,19,30008),(302,19,30009),(302,19,30023),(302,19,30025),(302,19,30026),(305,19,30003),(305,19,30009),(305,19,30024),(305,19,30025),(305,19,30026),(395,19,30001),(395,19,30009),(395,19,30023),(395,19,30025),(395,19,30026),(399,19,30002),(399,19,30009),(399,19,30020),(399,19,30025),(399,19,30026),(403,19,30004),(403,19,30009),(403,19,30018),(403,19,30022),(403,19,30026),(407,19,30005),(407,19,30009),(407,19,30018),(407,19,30024),(407,19,30026),(410,19,30007),(410,19,30009),(410,19,30018),(410,19,30023),(410,19,30026),(414,19,30008),(414,19,30009),(414,19,30018),(414,19,30023),(414,19,30026),(417,19,30003),(417,19,30009),(417,19,30018),(417,19,30024),(417,19,30026),(507,19,30001),(507,19,30009),(507,19,30018),(507,19,30023),(507,19,30026),(511,19,30002),(511,19,30009),(511,19,30018),(511,19,30020),(511,19,30026),(515,19,30004),(515,19,30009),(515,19,30018),(515,19,30022),(515,19,30026),(519,19,30005),(519,19,30009),(519,19,30018),(519,19,30024),(519,19,30026),(522,19,30007),(522,19,30009),(522,19,30018),(522,19,30023),(522,19,30026),(526,19,30008),(526,19,30009),(526,19,30018),(526,19,30023),(526,19,30026),(529,19,30003),(529,19,30009),(529,19,30018),(529,19,30024),(529,19,30026),(619,19,30001),(619,19,30009),(619,19,30018),(619,19,30023),(619,19,30026),(623,19,30009),(623,19,30018),(623,19,30020),(623,19,30025),(623,19,30026),(627,19,30004),(627,19,30009),(627,19,30018),(627,19,30022),(627,19,30026),(631,19,30005),(631,19,30009),(631,19,30018),(631,19,30024),(631,19,30026),(634,19,30007),(634,19,30009),(634,19,30018),(634,19,30023),(634,19,30026),(638,19,30008),(638,19,30009),(638,19,30018),(638,19,30023),(638,19,30026),(641,19,30003),(641,19,30009),(641,19,30018),(641,19,30024),(641,19,30026),(60,20,40008),(60,20,40009),(60,20,40018),(60,20,40025),(60,20,40026),(64,20,40007),(64,20,40009),(64,20,40019),(64,20,40025),(64,20,40026),(68,20,40006),(68,20,40009),(68,20,40020),(68,20,40025),(68,20,40026),(72,20,40005),(72,20,40009),(72,20,40021),(72,20,40025),(72,20,40026),(74,20,40004),(74,20,40009),(74,20,40022),(74,20,40025),(74,20,40026),(77,20,40003),(77,20,40009),(77,20,40023),(77,20,40025),(77,20,40026),(82,20,40009),(82,20,40021),(82,20,40022),(82,20,40025),(82,20,40026),(172,20,40008),(172,20,40009),(172,20,40018),(172,20,40025),(172,20,40026),(176,20,40007),(176,20,40009),(176,20,40019),(176,20,40025),(176,20,40026),(180,20,40006),(180,20,40009),(180,20,40020),(180,20,40025),(180,20,40026),(184,20,40005),(184,20,40009),(184,20,40021),(184,20,40025),(184,20,40026),(186,20,40004),(186,20,40009),(186,20,40022),(186,20,40025),(186,20,40026),(189,20,40003),(189,20,40009),(189,20,40023),(189,20,40025),(189,20,40026),(194,20,40009),(194,20,40021),(194,20,40022),(194,20,40025),(194,20,40026),(284,20,40008),(284,20,40009),(284,20,40018),(284,20,40025),(284,20,40026),(288,20,40007),(288,20,40009),(288,20,40019),(288,20,40025),(288,20,40026),(292,20,40006),(292,20,40009),(292,20,40020),(292,20,40025),(292,20,40026),(296,20,40005),(296,20,40009),(296,20,40021),(296,20,40025),(296,20,40026),(298,20,40004),(298,20,40009),(298,20,40022),(298,20,40025),(298,20,40026),(301,20,40003),(301,20,40009),(301,20,40023),(301,20,40025),(301,20,40026),(306,20,40009),(306,20,40021),(306,20,40022),(306,20,40025),(306,20,40026),(396,20,40008),(396,20,40009),(396,20,40018),(396,20,40025),(396,20,40026),(400,20,40007),(400,20,40009),(400,20,40019),(400,20,40025),(400,20,40026),(404,20,40006),(404,20,40009),(404,20,40020),(404,20,40025),(404,20,40026),(408,20,40005),(408,20,40009),(408,20,40021),(408,20,40025),(408,20,40026),(410,20,40004),(410,20,40009),(410,20,40022),(410,20,40025),(410,20,40026),(413,20,40003),(413,20,40009),(413,20,40023),(413,20,40025),(413,20,40026),(418,20,40009),(418,20,40021),(418,20,40022),(418,20,40025),(418,20,40026),(508,20,40008),(508,20,40009),(508,20,40018),(508,20,40025),(508,20,40026),(512,20,40007),(512,20,40009),(512,20,40019),(512,20,40025),(512,20,40026),(516,20,40006),(516,20,40009),(516,20,40020),(516,20,40025),(516,20,40026),(520,20,40005),(520,20,40009),(520,20,40021),(520,20,40025),(520,20,40026),(522,20,40004),(522,20,40009),(522,20,40022),(522,20,40025),(522,20,40026),(525,20,40003),(525,20,40009),(525,20,40023),(525,20,40025),(525,20,40026),(530,20,40009),(530,20,40021),(530,20,40022),(530,20,40025),(530,20,40026),(620,20,40008),(620,20,40009),(620,20,40018),(620,20,40025),(620,20,40026),(624,20,40007),(624,20,40009),(624,20,40019),(624,20,40025),(624,20,40026),(628,20,40006),(628,20,40009),(628,20,40020),(628,20,40025),(628,20,40026),(632,20,40005),(632,20,40009),(632,20,40021),(632,20,40025),(632,20,40026),(634,20,40004),(634,20,40009),(634,20,40022),(634,20,40025),(634,20,40026),(637,20,40003),(637,20,40009),(637,20,40023),(637,20,40025),(637,20,40026),(642,20,40021),(642,20,40022),(642,20,40025),(642,20,40026),(642,20,70018),(60,21,50008),(60,21,50009),(60,21,50024),(60,21,50025),(60,21,50026),(63,21,50009),(63,21,50021),(63,21,50022),(63,21,50023),(63,21,50025),(66,21,50007),(66,21,50009),(66,21,50018),(66,21,50025),(66,21,50026),(69,21,50006),(69,21,50009),(69,21,50019),(69,21,50025),(69,21,50026),(75,21,50004),(75,21,50009),(75,21,50020),(75,21,50025),(75,21,50026),(79,21,50003),(79,21,50009),(79,21,50018),(79,21,50025),(79,21,50026),(83,21,50005),(83,21,50009),(83,21,50024),(83,21,50025),(83,21,50026),(172,21,50008),(172,21,50009),(172,21,50024),(172,21,50025),(172,21,50026),(175,21,50009),(175,21,50021),(175,21,50022),(175,21,50023),(175,21,50025),(178,21,50007),(178,21,50009),(178,21,50018),(178,21,50025),(178,21,50026),(181,21,50006),(181,21,50009),(181,21,50019),(181,21,50025),(181,21,50026),(187,21,50004),(187,21,50009),(187,21,50020),(187,21,50025),(187,21,50026),(191,21,50003),(191,21,50009),(191,21,50018),(191,21,50025),(191,21,50026),(195,21,50005),(195,21,50009),(195,21,50024),(195,21,50025),(195,21,50026),(284,21,50008),(284,21,50009),(284,21,50024),(284,21,50025),(284,21,50026),(287,21,50009),(287,21,50021),(287,21,50022),(287,21,50023),(287,21,50025),(290,21,50007),(290,21,50009),(290,21,50018),(290,21,50025),(290,21,50026),(293,21,50006),(293,21,50009),(293,21,50019),(293,21,50025),(293,21,50026),(299,21,50004),(299,21,50009),(299,21,50020),(299,21,50025),(299,21,50026),(303,21,50003),(303,21,50009),(303,21,50018),(303,21,50025),(303,21,50026),(307,21,50005),(307,21,50009),(307,21,50024),(307,21,50025),(307,21,50026),(396,21,50008),(396,21,50009),(396,21,50024),(396,21,50025),(396,21,50026),(399,21,50009),(399,21,50021),(399,21,50022),(399,21,50023),(399,21,50025),(402,21,50007),(402,21,50009),(402,21,50018),(402,21,50025),(402,21,50026),(405,21,50006),(405,21,50009),(405,21,50019),(405,21,50025),(405,21,50026),(411,21,50004),(411,21,50009),(411,21,50020),(411,21,50025),(411,21,50026),(415,21,50003),(415,21,50009),(415,21,50018),(415,21,50025),(415,21,50026),(419,21,50005),(419,21,50009),(419,21,50024),(419,21,50025),(419,21,50026),(508,21,50008),(508,21,50009),(508,21,50024),(508,21,50025),(508,21,50026),(511,21,50009),(511,21,50021),(511,21,50022),(511,21,50023),(511,21,50025),(514,21,50007),(514,21,50009),(514,21,50018),(514,21,50025),(514,21,50026),(517,21,50006),(517,21,50009),(517,21,50019),(517,21,50025),(517,21,50026),(523,21,50004),(523,21,50009),(523,21,50020),(523,21,50025),(523,21,50026),(527,21,50003),(527,21,50009),(527,21,50018),(527,21,50025),(527,21,50026),(531,21,50005),(531,21,50009),(531,21,50024),(531,21,50025),(531,21,50026),(620,21,50008),(620,21,50009),(620,21,50024),(620,21,50025),(620,21,50026),(623,21,50009),(623,21,50021),(623,21,50022),(623,21,50023),(623,21,50025),(626,21,50007),(626,21,50009),(626,21,50018),(626,21,50025),(626,21,50026),(629,21,50006),(629,21,50009),(629,21,50019),(629,21,50025),(629,21,50026),(635,21,50004),(635,21,50009),(635,21,50020),(635,21,50025),(635,21,50026),(639,21,50003),(639,21,50009),(639,21,50018),(639,21,50025),(639,21,50026),(643,21,50005),(643,21,50009),(643,21,50024),(643,21,50025),(643,21,50026),(59,22,60001),(59,22,60009),(59,22,60018),(59,22,60020),(59,22,60026),(62,22,60001),(62,22,60009),(62,22,60018),(62,22,60021),(62,22,60026),(65,22,60001),(65,22,60009),(65,22,60018),(65,22,60024),(65,22,60026),(72,22,60001),(72,22,60009),(72,22,60018),(72,22,60025),(72,22,60026),(75,22,60001),(75,22,60009),(75,22,60018),(75,22,60023),(75,22,60026),(80,22,60001),(80,22,60009),(80,22,60018),(80,22,60022),(80,22,60023),(84,22,60001),(84,22,60009),(84,22,60024),(84,22,60025),(84,22,60026),(171,22,60001),(171,22,60009),(171,22,60018),(171,22,60020),(171,22,60026),(174,22,60001),(174,22,60009),(174,22,60018),(174,22,60021),(174,22,60026),(177,22,60001),(177,22,60009),(177,22,60018),(177,22,60024),(177,22,60026),(184,22,60001),(184,22,60009),(184,22,60018),(184,22,60025),(184,22,60026),(187,22,60001),(187,22,60009),(187,22,60018),(187,22,60023),(187,22,60026),(192,22,60001),(192,22,60009),(192,22,60018),(192,22,60022),(192,22,60023),(196,22,60001),(196,22,60009),(196,22,60024),(196,22,60025),(196,22,60026),(283,22,60001),(283,22,60009),(283,22,60018),(283,22,60020),(283,22,60026),(286,22,60001),(286,22,60009),(286,22,60018),(286,22,60021),(286,22,60026),(289,22,60001),(289,22,60009),(289,22,60018),(289,22,60024),(289,22,60026),(296,22,60001),(296,22,60009),(296,22,60018),(296,22,60025),(296,22,60026),(299,22,60001),(299,22,60009),(299,22,60018),(299,22,60023),(299,22,60026),(304,22,60001),(304,22,60009),(304,22,60018),(304,22,60022),(304,22,60023),(308,22,60001),(308,22,60009),(308,22,60024),(308,22,60025),(308,22,60026),(395,22,60001),(395,22,60009),(395,22,60018),(395,22,60020),(395,22,60026),(398,22,60001),(398,22,60009),(398,22,60018),(398,22,60021),(398,22,60026),(401,22,60001),(401,22,60009),(401,22,60018),(401,22,60024),(401,22,60026),(408,22,60001),(408,22,60009),(408,22,60018),(408,22,60025),(408,22,60026),(411,22,60001),(411,22,60009),(411,22,60018),(411,22,60023),(411,22,60026),(416,22,60001),(416,22,60009),(416,22,60018),(416,22,60022),(416,22,60023),(420,22,60001),(420,22,60009),(420,22,60024),(420,22,60025),(420,22,60026),(507,22,60001),(507,22,60009),(507,22,60018),(507,22,60020),(507,22,60026),(510,22,60001),(510,22,60009),(510,22,60018),(510,22,60021),(510,22,60026),(513,22,60001),(513,22,60009),(513,22,60018),(513,22,60024),(513,22,60026),(520,22,60001),(520,22,60009),(520,22,60018),(520,22,60025),(520,22,60026),(523,22,60001),(523,22,60009),(523,22,60018),(523,22,60023),(523,22,60026),(528,22,60001),(528,22,60009),(528,22,60018),(528,22,60022),(528,22,60023),(532,22,60001),(532,22,60009),(532,22,60024),(532,22,60025),(532,22,60026),(619,22,60001),(619,22,60009),(619,22,60018),(619,22,60020),(619,22,60026),(622,22,60001),(622,22,60009),(622,22,60018),(622,22,60021),(622,22,60026),(625,22,60001),(625,22,60009),(625,22,60018),(625,22,60024),(625,22,60026),(632,22,60001),(632,22,60009),(632,22,60018),(632,22,60025),(632,22,60026),(635,22,60001),(635,22,60009),(635,22,60018),(635,22,60023),(635,22,60026),(640,22,60001),(640,22,60009),(640,22,60018),(640,22,60022),(640,22,60023),(644,22,60001),(644,22,60009),(644,22,60024),(644,22,60025),(644,22,60026),(58,23,70001),(58,23,70009),(58,23,70019),(58,23,70024),(58,23,70025),(61,23,70006),(61,23,70009),(61,23,70019),(61,23,70024),(61,23,70025),(68,23,70005),(68,23,70009),(68,23,70019),(68,23,70023),(68,23,70024),(71,23,70002),(71,23,70009),(71,23,70019),(71,23,70021),(71,23,70025),(76,23,70001),(76,23,70009),(76,23,70022),(76,23,70024),(76,23,70025),(80,23,70004),(80,23,70018),(80,23,70020),(80,23,70024),(80,23,70025),(83,23,70007),(83,23,70009),(83,23,70019),(83,23,70024),(83,23,70025),(170,23,70001),(170,23,70009),(170,23,70019),(170,23,70024),(170,23,70025),(173,23,70006),(173,23,70009),(173,23,70019),(173,23,70024),(173,23,70025),(180,23,70005),(180,23,70009),(180,23,70019),(180,23,70023),(180,23,70024),(183,23,70002),(183,23,70009),(183,23,70019),(183,23,70021),(183,23,70025),(188,23,70001),(188,23,70018),(188,23,70022),(188,23,70024),(188,23,70025),(192,23,70004),(192,23,70009),(192,23,70020),(192,23,70024),(192,23,70025),(195,23,70007),(195,23,70009),(195,23,70019),(195,23,70024),(195,23,70025),(282,23,70001),(282,23,70009),(282,23,70019),(282,23,70024),(282,23,70025),(285,23,70006),(285,23,70009),(285,23,70019),(285,23,70024),(285,23,70025),(292,23,70005),(292,23,70009),(292,23,70019),(292,23,70023),(292,23,70024),(295,23,70002),(295,23,70009),(295,23,70019),(295,23,70021),(295,23,70025),(300,23,70001),(300,23,70009),(300,23,70022),(300,23,70024),(300,23,70025),(304,23,70004),(304,23,70009),(304,23,70020),(304,23,70024),(304,23,70025),(307,23,70007),(307,23,70009),(307,23,70019),(307,23,70024),(307,23,70025),(394,23,70001),(394,23,70009),(394,23,70019),(394,23,70024),(394,23,70025),(397,23,70006),(397,23,70009),(397,23,70019),(397,23,70024),(397,23,70025),(404,23,70005),(404,23,70018),(404,23,70019),(404,23,70023),(404,23,70024),(407,23,70002),(407,23,70009),(407,23,70019),(407,23,70021),(407,23,70025),(412,23,70001),(412,23,70009),(412,23,70022),(412,23,70024),(412,23,70025),(416,23,70004),(416,23,70009),(416,23,70020),(416,23,70024),(416,23,70025),(419,23,70007),(419,23,70009),(419,23,70019),(419,23,70024),(419,23,70025),(506,23,70001),(506,23,70009),(506,23,70019),(506,23,70024),(506,23,70025),(509,23,70006),(509,23,70009),(509,23,70019),(509,23,70024),(509,23,70025),(516,23,70005),(516,23,70009),(516,23,70019),(516,23,70023),(516,23,70024),(519,23,70002),(519,23,70009),(519,23,70019),(519,23,70021),(519,23,70025),(524,23,70001),(524,23,70009),(524,23,70022),(524,23,70024),(524,23,70025),(528,23,70004),(528,23,70009),(528,23,70020),(528,23,70024),(528,23,70025),(531,23,70006),(531,23,70009),(531,23,70019),(531,23,70024),(531,23,70025),(618,23,70001),(618,23,70009),(618,23,70019),(618,23,70024),(618,23,70025),(621,23,70006),(621,23,70009),(621,23,70019),(621,23,70024),(621,23,70025),(628,23,70005),(628,23,70009),(628,23,70019),(628,23,70023),(628,23,70024),(631,23,70002),(631,23,70009),(631,23,70019),(631,23,70021),(631,23,70025),(636,23,70001),(636,23,70009),(636,23,70022),(636,23,70024),(636,23,70025),(640,23,70004),(640,23,70009),(640,23,70020),(640,23,70024),(640,23,70025),(643,23,70007),(643,23,70009),(643,23,70019),(643,23,70024),(643,23,70025),(57,24,80009),(57,24,80010),(57,24,80020),(57,24,80026),(57,24,80027),(64,24,80009),(64,24,80010),(64,24,80020),(64,24,80025),(64,24,80027),(67,24,80009),(67,24,80010),(67,24,80020),(67,24,80023),(67,24,80027),(70,24,80009),(70,24,80010),(70,24,80020),(70,24,80025),(70,24,80027),(76,24,80009),(76,24,80010),(76,24,80020),(76,24,80021),(76,24,80027),(79,24,80009),(79,24,80010),(79,24,80020),(79,24,80025),(79,24,80027),(84,24,80009),(84,24,80010),(84,24,80020),(84,24,80021),(84,24,80027),(169,24,80009),(169,24,80010),(169,24,80020),(169,24,80026),(169,24,80027),(176,24,80009),(176,24,80010),(176,24,80020),(176,24,80025),(176,24,80027),(179,24,80009),(179,24,80010),(179,24,80020),(179,24,80023),(179,24,80027),(182,24,80009),(182,24,80010),(182,24,80020),(182,24,80025),(182,24,80027),(188,24,80009),(188,24,80010),(188,24,80020),(188,24,80021),(188,24,80027),(191,24,80009),(191,24,80010),(191,24,80020),(191,24,80025),(191,24,80027),(196,24,80009),(196,24,80010),(196,24,80020),(196,24,80021),(196,24,80027),(281,24,80009),(281,24,80010),(281,24,80020),(281,24,80026),(281,24,80027),(288,24,80009),(288,24,80010),(288,24,80020),(288,24,80025),(288,24,80027),(291,24,80009),(291,24,80010),(291,24,80020),(291,24,80023),(291,24,80027),(294,24,80009),(294,24,80010),(294,24,80020),(294,24,80025),(294,24,80027),(300,24,80009),(300,24,80010),(300,24,80020),(300,24,80021),(300,24,80027),(303,24,80009),(303,24,80010),(303,24,80020),(303,24,80025),(303,24,80027),(308,24,80009),(308,24,80010),(308,24,80020),(308,24,80021),(308,24,80027),(393,24,80009),(393,24,80010),(393,24,80020),(393,24,80026),(393,24,80027),(400,24,80009),(400,24,80010),(400,24,80020),(400,24,80025),(400,24,80027),(403,24,80009),(403,24,80010),(403,24,80020),(403,24,80023),(403,24,80027),(406,24,80009),(406,24,80010),(406,24,80020),(406,24,80025),(406,24,80027),(412,24,80009),(412,24,80010),(412,24,80020),(412,24,80021),(412,24,80027),(415,24,80009),(415,24,80010),(415,24,80020),(415,24,80025),(415,24,80027),(420,24,80009),(420,24,80010),(420,24,80020),(420,24,80021),(420,24,80027),(505,24,80009),(505,24,80010),(505,24,80020),(505,24,80026),(505,24,80027),(512,24,70018),(512,24,80010),(512,24,80020),(512,24,80025),(512,24,80027),(515,24,80009),(515,24,80010),(515,24,80020),(515,24,80023),(515,24,80027),(518,24,80009),(518,24,80010),(518,24,80020),(518,24,80025),(518,24,80027),(524,24,80009),(524,24,80010),(524,24,80020),(524,24,80021),(524,24,80027),(527,24,80009),(527,24,80010),(527,24,80020),(527,24,80025),(527,24,80027),(532,24,80009),(532,24,80010),(532,24,80020),(532,24,80021),(532,24,80027),(617,24,80009),(617,24,80010),(617,24,80020),(617,24,80026),(617,24,80027),(624,24,80009),(624,24,80010),(624,24,80020),(624,24,80025),(624,24,80027),(627,24,80009),(627,24,80010),(627,24,80020),(627,24,80023),(627,24,80027),(630,24,80009),(630,24,80010),(630,24,80020),(630,24,80025),(630,24,80027),(636,24,80009),(636,24,80010),(636,24,80020),(636,24,80021),(636,24,80027),(639,24,80009),(639,24,80010),(639,24,80020),(639,24,80025),(639,24,80027),(644,24,80009),(644,24,80010),(644,24,80020),(644,24,80021),(644,24,80027),(85,25,10010),(85,25,10011),(85,25,10012),(85,25,10013),(85,25,10014),(89,25,10010),(89,25,10012),(89,25,10015),(89,25,10016),(89,25,10017),(93,25,10010),(93,25,10011),(93,25,10012),(93,25,10013),(93,25,10017),(97,25,10010),(97,25,10014),(97,25,10015),(97,25,10016),(97,25,10017),(101,25,10010),(101,25,10011),(101,25,10012),(101,25,10014),(101,25,10016),(105,25,10010),(105,25,10013),(105,25,10014),(105,25,10016),(105,25,10017),(109,25,10010),(109,25,10011),(109,25,10013),(109,25,10014),(109,25,10016),(197,25,10010),(197,25,10011),(197,25,10012),(197,25,10013),(197,25,10014),(201,25,10010),(201,25,10012),(201,25,10015),(201,25,10016),(201,25,10017),(205,25,10010),(205,25,10011),(205,25,10012),(205,25,10013),(205,25,10017),(209,25,10010),(209,25,10014),(209,25,10015),(209,25,10016),(209,25,10017),(213,25,10010),(213,25,10011),(213,25,10012),(213,25,10014),(213,25,10016),(217,25,10010),(217,25,10013),(217,25,10014),(217,25,10016),(217,25,10017),(221,25,10010),(221,25,10011),(221,25,10013),(221,25,10014),(221,25,10016),(309,25,10010),(309,25,10011),(309,25,10012),(309,25,10013),(309,25,10014),(313,25,10010),(313,25,10012),(313,25,10015),(313,25,10016),(313,25,10017),(317,25,10010),(317,25,10011),(317,25,10012),(317,25,10013),(317,25,10017),(321,25,10010),(321,25,10014),(321,25,10015),(321,25,10016),(321,25,10017),(325,25,10010),(325,25,10011),(325,25,10012),(325,25,10014),(325,25,10016),(329,25,10010),(329,25,10013),(329,25,10014),(329,25,10016),(329,25,10017),(333,25,10010),(333,25,10011),(333,25,10013),(333,25,10014),(333,25,10016),(421,25,10010),(421,25,10011),(421,25,10012),(421,25,10013),(421,25,10014),(425,25,10010),(425,25,10012),(425,25,10015),(425,25,10016),(425,25,10017),(429,25,10010),(429,25,10011),(429,25,10012),(429,25,10013),(429,25,10017),(433,25,10010),(433,25,10014),(433,25,10015),(433,25,10016),(433,25,10017),(437,25,10010),(437,25,10011),(437,25,10012),(437,25,10014),(437,25,10016),(441,25,10010),(441,25,10013),(441,25,10014),(441,25,10016),(441,25,10017),(445,25,10010),(445,25,10011),(445,25,10013),(445,25,10014),(445,25,10016),(533,25,10010),(533,25,10011),(533,25,10012),(533,25,10013),(533,25,10014),(537,25,10010),(537,25,10012),(537,25,10015),(537,25,10016),(537,25,10017),(541,25,10010),(541,25,10011),(541,25,10012),(541,25,10013),(541,25,10017),(545,25,10010),(545,25,10014),(545,25,10015),(545,25,10016),(545,25,10017),(549,25,10010),(549,25,10011),(549,25,10012),(549,25,10014),(549,25,10016),(553,25,10010),(553,25,10013),(553,25,10014),(553,25,10016),(553,25,10017),(557,25,10010),(557,25,10011),(557,25,10013),(557,25,10014),(557,25,10016),(645,25,10010),(645,25,10011),(645,25,10012),(645,25,10013),(645,25,10014),(649,25,10010),(649,25,10012),(649,25,10015),(649,25,10016),(649,25,10017),(653,25,10010),(653,25,10011),(653,25,10012),(653,25,10013),(653,25,10017),(657,25,10010),(657,25,10014),(657,25,10015),(657,25,10016),(657,25,10017),(661,25,10010),(661,25,10011),(661,25,10012),(661,25,10014),(661,25,10016),(665,25,10010),(665,25,10013),(665,25,10014),(665,25,10016),(665,25,10017),(669,25,10010),(669,25,10011),(669,25,10013),(669,25,10014),(669,25,10016),(86,26,20010),(86,26,20011),(86,26,20012),(86,26,20013),(86,26,20014),(90,26,20013),(90,26,20014),(90,26,20015),(90,26,20016),(90,26,20017),(94,26,20012),(94,26,20013),(94,26,20015),(94,26,20016),(94,26,20017),(98,26,20013),(98,26,20014),(98,26,20015),(98,26,20016),(98,26,20017),(101,26,20010),(101,26,20011),(101,26,20013),(101,26,20014),(101,26,20015),(106,26,20010),(106,26,20011),(106,26,20012),(106,26,20013),(106,26,20014),(110,26,20013),(110,26,20014),(110,26,20015),(110,26,20016),(110,26,20017),(198,26,20010),(198,26,20011),(198,26,20012),(198,26,20013),(198,26,20014),(202,26,20013),(202,26,20014),(202,26,20015),(202,26,20016),(202,26,20017),(206,26,20012),(206,26,20013),(206,26,20015),(206,26,20016),(206,26,20017),(210,26,20013),(210,26,20014),(210,26,20015),(210,26,20016),(210,26,20017),(213,26,20010),(213,26,20011),(213,26,20013),(213,26,20014),(213,26,20015),(218,26,20010),(218,26,20011),(218,26,20012),(218,26,20013),(218,26,20014),(222,26,20013),(222,26,20014),(222,26,20015),(222,26,20016),(222,26,20017),(310,26,20010),(310,26,20011),(310,26,20012),(310,26,20013),(310,26,20014),(314,26,20013),(314,26,20014),(314,26,20015),(314,26,20016),(314,26,20017),(318,26,20012),(318,26,20013),(318,26,20015),(318,26,20016),(318,26,20017),(322,26,20013),(322,26,20014),(322,26,20015),(322,26,20016),(322,26,20017),(325,26,20010),(325,26,20011),(325,26,20013),(325,26,20014),(325,26,20015),(330,26,20010),(330,26,20011),(330,26,20012),(330,26,20013),(330,26,20014),(334,26,20013),(334,26,20014),(334,26,20015),(334,26,20016),(334,26,20017),(422,26,20010),(422,26,20011),(422,26,20012),(422,26,20013),(422,26,20014),(426,26,20013),(426,26,20014),(426,26,20015),(426,26,20016),(426,26,20017),(430,26,20012),(430,26,20013),(430,26,20015),(430,26,20016),(430,26,20017),(434,26,20013),(434,26,20014),(434,26,20015),(434,26,20016),(434,26,20017),(437,26,20010),(437,26,20012),(437,26,20013),(437,26,20014),(437,26,20015),(442,26,20010),(442,26,20011),(442,26,20012),(442,26,20013),(442,26,20014),(446,26,20013),(446,26,20014),(446,26,20015),(446,26,20016),(446,26,20017),(534,26,20010),(534,26,20011),(534,26,20012),(534,26,20013),(534,26,20014),(538,26,20013),(538,26,20014),(538,26,20015),(538,26,20016),(538,26,20017),(542,26,20012),(542,26,20013),(542,26,20015),(542,26,20016),(542,26,20017),(546,26,20013),(546,26,20014),(546,26,20015),(546,26,20016),(546,26,20017),(549,26,20010),(549,26,20011),(549,26,20013),(549,26,20014),(549,26,20015),(554,26,20010),(554,26,20011),(554,26,20012),(554,26,20013),(554,26,20014),(558,26,20013),(558,26,20014),(558,26,20015),(558,26,20016),(558,26,20017),(646,26,20010),(646,26,20011),(646,26,20012),(646,26,20013),(646,26,20014),(650,26,20013),(650,26,20014),(650,26,20015),(650,26,20016),(650,26,20017),(654,26,20012),(654,26,20013),(654,26,20015),(654,26,20016),(654,26,20017),(658,26,20013),(658,26,20014),(658,26,20015),(658,26,20016),(658,26,20017),(661,26,10018),(661,26,20013),(661,26,20014),(661,26,20015),(661,26,20016),(666,26,10018),(666,26,20010),(666,26,20011),(666,26,20012),(666,26,20013),(670,26,10018),(670,26,20014),(670,26,20015),(670,26,20016),(670,26,20017),(87,27,30010),(87,27,30011),(87,27,30012),(87,27,30013),(87,27,30014),(91,27,30013),(91,27,30014),(91,27,30015),(91,27,30016),(91,27,30017),(95,27,30010),(95,27,30011),(95,27,30012),(95,27,30013),(95,27,30014),(99,27,30013),(99,27,30014),(99,27,30015),(99,27,30016),(99,27,30017),(102,27,30010),(102,27,30011),(102,27,30012),(102,27,30015),(102,27,30016),(106,27,30011),(106,27,30012),(106,27,30013),(106,27,30015),(106,27,30016),(109,27,30010),(109,27,30011),(109,27,30015),(109,27,30016),(109,27,30017),(199,27,30010),(199,27,30011),(199,27,30012),(199,27,30013),(199,27,30014),(203,27,30013),(203,27,30014),(203,27,30015),(203,27,30016),(203,27,30017),(207,27,30010),(207,27,30011),(207,27,30012),(207,27,30013),(207,27,30014),(211,27,30013),(211,27,30014),(211,27,30015),(211,27,30016),(211,27,30017),(214,27,30010),(214,27,30011),(214,27,30012),(214,27,30015),(214,27,30016),(218,27,30011),(218,27,30012),(218,27,30013),(218,27,30015),(218,27,30016),(221,27,30010),(221,27,30011),(221,27,30015),(221,27,30016),(221,27,30017),(311,27,30010),(311,27,30011),(311,27,30012),(311,27,30013),(311,27,30014),(315,27,30013),(315,27,30014),(315,27,30015),(315,27,30016),(315,27,30017),(319,27,30010),(319,27,30011),(319,27,30012),(319,27,30013),(319,27,30014),(323,27,30013),(323,27,30014),(323,27,30015),(323,27,30016),(323,27,30017),(326,27,30010),(326,27,30011),(326,27,30012),(326,27,30015),(326,27,30016),(330,27,30011),(330,27,30012),(330,27,30013),(330,27,30015),(330,27,30016),(333,27,30010),(333,27,30011),(333,27,30015),(333,27,30016),(333,27,30017),(423,27,30010),(423,27,30011),(423,27,30012),(423,27,30013),(423,27,30014),(427,27,30013),(427,27,30014),(427,27,30015),(427,27,30016),(427,27,30017),(431,27,30010),(431,27,30011),(431,27,30012),(431,27,30013),(431,27,30014),(435,27,30013),(435,27,30014),(435,27,30015),(435,27,30016),(435,27,30017),(438,27,30010),(438,27,30011),(438,27,30012),(438,27,30015),(438,27,30016),(442,27,30011),(442,27,30012),(442,27,30013),(442,27,30015),(442,27,30016),(445,27,30010),(445,27,30011),(445,27,30015),(445,27,30016),(445,27,30017),(535,27,30010),(535,27,30011),(535,27,30012),(535,27,30013),(535,27,30014),(539,27,30013),(539,27,30014),(539,27,30015),(539,27,30016),(539,27,30017),(543,27,30010),(543,27,30011),(543,27,30012),(543,27,30013),(543,27,30014),(547,27,30013),(547,27,30014),(547,27,30015),(547,27,30016),(547,27,30017),(550,27,30010),(550,27,30011),(550,27,30012),(550,27,30015),(550,27,30016),(554,27,30011),(554,27,30012),(554,27,30013),(554,27,30015),(554,27,30016),(557,27,30010),(557,27,30011),(557,27,30015),(557,27,30016),(557,27,30017),(647,27,30010),(647,27,30011),(647,27,30012),(647,27,30013),(647,27,30014),(651,27,30013),(651,27,30014),(651,27,30015),(651,27,30016),(651,27,30017),(655,27,30010),(655,27,30011),(655,27,30012),(655,27,30013),(655,27,30014),(659,27,30013),(659,27,30014),(659,27,30015),(659,27,30016),(659,27,30017),(662,27,30010),(662,27,30011),(662,27,30012),(662,27,30015),(662,27,30016),(666,27,30011),(666,27,30012),(666,27,30013),(666,27,30015),(666,27,30016),(669,27,30010),(669,27,30011),(669,27,30015),(669,27,30016),(669,27,30017),(88,28,40010),(88,28,40011),(88,28,40012),(88,28,40013),(88,28,40014),(92,28,40013),(92,28,40014),(92,28,40015),(92,28,40016),(92,28,40017),(96,28,40012),(96,28,40013),(96,28,40014),(96,28,40015),(96,28,40016),(100,28,40011),(100,28,40012),(100,28,40013),(100,28,40014),(100,28,40015),(102,28,40012),(102,28,40013),(102,28,40014),(102,28,40015),(102,28,40017),(105,28,40010),(105,28,40011),(105,28,40012),(105,28,40013),(105,28,40014),(110,28,40010),(110,28,40011),(110,28,40012),(110,28,40013),(110,28,40014),(200,28,40010),(200,28,40011),(200,28,40012),(200,28,40013),(200,28,40014),(204,28,40013),(204,28,40014),(204,28,40015),(204,28,40016),(204,28,40017),(208,28,40012),(208,28,40013),(208,28,40014),(208,28,40015),(208,28,40016),(212,28,40011),(212,28,40012),(212,28,40013),(212,28,40014),(212,28,40015),(214,28,40012),(214,28,40013),(214,28,40014),(214,28,40015),(214,28,40017),(217,28,40010),(217,28,40011),(217,28,40012),(217,28,40013),(217,28,40014),(222,28,40010),(222,28,40011),(222,28,40012),(222,28,40013),(222,28,40014),(312,28,40010),(312,28,40011),(312,28,40012),(312,28,40013),(312,28,40014),(316,28,40013),(316,28,40014),(316,28,40015),(316,28,40016),(316,28,40017),(320,28,40012),(320,28,40013),(320,28,40014),(320,28,40015),(320,28,40016),(324,28,40011),(324,28,40012),(324,28,40013),(324,28,40014),(324,28,40015),(326,28,40012),(326,28,40013),(326,28,40014),(326,28,40015),(326,28,40017),(329,28,40010),(329,28,40011),(329,28,40012),(329,28,40013),(329,28,40014),(334,28,40010),(334,28,40011),(334,28,40012),(334,28,40013),(334,28,40014),(424,28,40010),(424,28,40011),(424,28,40012),(424,28,40013),(424,28,40014),(428,28,40013),(428,28,40014),(428,28,40015),(428,28,40016),(428,28,40017),(432,28,40012),(432,28,40013),(432,28,40014),(432,28,40015),(432,28,40016),(436,28,40011),(436,28,40012),(436,28,40013),(436,28,40014),(436,28,40015),(438,28,40012),(438,28,40013),(438,28,40014),(438,28,40015),(438,28,40017),(441,28,40010),(441,28,40011),(441,28,40012),(441,28,40013),(441,28,40014),(446,28,40010),(446,28,40011),(446,28,40012),(446,28,40013),(446,28,40014),(536,28,40010),(536,28,40011),(536,28,40012),(536,28,40013),(536,28,40014),(540,28,40013),(540,28,40014),(540,28,40015),(540,28,40016),(540,28,40017),(544,28,40012),(544,28,40013),(544,28,40014),(544,28,40015),(544,28,40016),(548,28,40011),(548,28,40012),(548,28,40013),(548,28,40014),(548,28,40015),(550,28,40012),(550,28,40013),(550,28,40014),(550,28,40015),(550,28,40017),(553,28,40010),(553,28,40011),(553,28,40012),(553,28,40013),(553,28,40014),(558,28,40010),(558,28,40011),(558,28,40012),(558,28,40013),(558,28,40014),(648,28,40010),(648,28,40011),(648,28,40012),(648,28,40013),(648,28,40014),(652,28,40013),(652,28,40014),(652,28,40015),(652,28,40016),(652,28,40017),(656,28,40012),(656,28,40013),(656,28,40014),(656,28,40015),(656,28,40016),(660,28,40011),(660,28,40012),(660,28,40013),(660,28,40014),(660,28,40015),(662,28,40012),(662,28,40013),(662,28,40014),(662,28,40015),(662,28,40017),(665,28,40010),(665,28,40011),(665,28,40012),(665,28,40013),(665,28,40014),(670,28,40010),(670,28,40011),(670,28,40012),(670,28,40013),(670,28,40014),(88,29,50010),(88,29,50011),(88,29,50012),(88,29,50013),(88,29,50014),(91,29,50013),(91,29,50014),(91,29,50015),(91,29,50016),(91,29,50017),(94,29,50012),(94,29,50013),(94,29,50014),(94,29,50015),(94,29,50016),(97,29,50012),(97,29,50013),(97,29,50014),(97,29,50015),(97,29,50016),(103,29,50010),(103,29,50013),(103,29,50014),(103,29,50015),(103,29,50017),(107,29,50010),(107,29,50011),(107,29,50012),(107,29,50013),(107,29,50014),(111,29,50013),(111,29,50014),(111,29,50015),(111,29,50016),(111,29,50017),(200,29,50010),(200,29,50011),(200,29,50012),(200,29,50013),(200,29,50014),(203,29,50013),(203,29,50014),(203,29,50015),(203,29,50016),(203,29,50017),(206,29,50012),(206,29,50013),(206,29,50014),(206,29,50015),(206,29,50016),(209,29,50012),(209,29,50013),(209,29,50014),(209,29,50015),(209,29,50016),(215,29,50010),(215,29,50013),(215,29,50014),(215,29,50015),(215,29,50017),(219,29,50010),(219,29,50011),(219,29,50012),(219,29,50013),(219,29,50014),(223,29,50013),(223,29,50014),(223,29,50015),(223,29,50016),(223,29,50017),(312,29,50010),(312,29,50011),(312,29,50012),(312,29,50013),(312,29,50014),(315,29,50013),(315,29,50014),(315,29,50015),(315,29,50016),(315,29,50017),(318,29,50012),(318,29,50013),(318,29,50014),(318,29,50015),(318,29,50016),(321,29,50012),(321,29,50013),(321,29,50014),(321,29,50015),(321,29,50016),(327,29,50010),(327,29,50013),(327,29,50014),(327,29,50015),(327,29,50017),(331,29,50010),(331,29,50011),(331,29,50012),(331,29,50013),(331,29,50014),(335,29,50013),(335,29,50014),(335,29,50015),(335,29,50016),(335,29,50017),(424,29,50010),(424,29,50011),(424,29,50012),(424,29,50013),(424,29,50014),(427,29,50013),(427,29,50014),(427,29,50015),(427,29,50016),(427,29,50017),(430,29,50012),(430,29,50013),(430,29,50014),(430,29,50015),(430,29,50016),(433,29,50012),(433,29,50013),(433,29,50014),(433,29,50015),(433,29,50016),(439,29,50010),(439,29,50013),(439,29,50014),(439,29,50015),(439,29,50017),(443,29,50010),(443,29,50011),(443,29,50012),(443,29,50013),(443,29,50014),(447,29,50013),(447,29,50014),(447,29,50015),(447,29,50016),(447,29,50017),(536,29,50010),(536,29,50011),(536,29,50012),(536,29,50013),(536,29,50014),(539,29,50013),(539,29,50014),(539,29,50015),(539,29,50016),(539,29,50017),(542,29,50012),(542,29,50013),(542,29,50014),(542,29,50015),(542,29,50016),(545,29,50012),(545,29,50013),(545,29,50014),(545,29,50015),(545,29,50016),(551,29,50010),(551,29,50013),(551,29,50014),(551,29,50015),(551,29,50017),(555,29,50010),(555,29,50011),(555,29,50012),(555,29,50013),(555,29,50014),(559,29,50013),(559,29,50014),(559,29,50015),(559,29,50016),(559,29,50017),(648,29,50010),(648,29,50011),(648,29,50012),(648,29,50013),(648,29,50014),(651,29,50013),(651,29,50014),(651,29,50015),(651,29,50016),(651,29,50017),(654,29,50012),(654,29,50013),(654,29,50014),(654,29,50015),(654,29,50016),(657,29,50012),(657,29,50013),(657,29,50014),(657,29,50015),(657,29,50016),(663,29,50010),(663,29,50013),(663,29,50014),(663,29,50015),(663,29,50017),(667,29,50010),(667,29,50011),(667,29,50012),(667,29,50013),(667,29,50014),(671,29,50013),(671,29,50014),(671,29,50015),(671,29,50016),(671,29,50017),(87,30,60010),(87,30,60011),(87,30,60012),(87,30,60013),(87,30,60014),(90,30,60013),(90,30,60014),(90,30,60015),(90,30,60016),(90,30,60017),(93,30,60012),(93,30,60013),(93,30,60014),(93,30,60015),(93,30,60016),(100,30,60011),(100,30,60012),(100,30,60013),(100,30,60014),(100,30,60015),(103,30,60011),(103,30,60012),(103,30,60013),(103,30,60014),(103,30,60015),(108,30,60010),(108,30,60012),(108,30,60013),(108,30,60016),(108,30,60017),(112,30,60011),(112,30,60013),(112,30,60015),(112,30,60016),(112,30,60017),(199,30,60010),(199,30,60011),(199,30,60012),(199,30,60013),(199,30,60014),(202,30,60013),(202,30,60014),(202,30,60015),(202,30,60016),(202,30,60017),(205,30,60012),(205,30,60013),(205,30,60014),(205,30,60015),(205,30,60016),(212,30,60011),(212,30,60012),(212,30,60013),(212,30,60014),(212,30,60015),(215,30,60011),(215,30,60012),(215,30,60013),(215,30,60014),(215,30,60015),(220,30,60010),(220,30,60012),(220,30,60013),(220,30,60016),(220,30,60017),(224,30,60011),(224,30,60013),(224,30,60015),(224,30,60016),(224,30,60017),(311,30,60010),(311,30,60011),(311,30,60012),(311,30,60013),(311,30,60014),(314,30,60013),(314,30,60014),(314,30,60015),(314,30,60016),(314,30,60017),(317,30,60012),(317,30,60013),(317,30,60014),(317,30,60015),(317,30,60016),(324,30,60011),(324,30,60012),(324,30,60013),(324,30,60014),(324,30,60015),(327,30,60011),(327,30,60012),(327,30,60013),(327,30,60014),(327,30,60015),(332,30,60010),(332,30,60012),(332,30,60013),(332,30,60016),(332,30,60017),(336,30,60011),(336,30,60013),(336,30,60015),(336,30,60016),(336,30,60017),(423,30,60010),(423,30,60011),(423,30,60012),(423,30,60013),(423,30,60014),(426,30,60013),(426,30,60014),(426,30,60015),(426,30,60016),(426,30,60017),(429,30,60012),(429,30,60013),(429,30,60014),(429,30,60015),(429,30,60016),(436,30,60011),(436,30,60012),(436,30,60013),(436,30,60014),(436,30,60015),(439,30,60011),(439,30,60012),(439,30,60013),(439,30,60014),(439,30,60015),(444,30,60010),(444,30,60012),(444,30,60013),(444,30,60016),(444,30,60017),(448,30,60011),(448,30,60013),(448,30,60015),(448,30,60016),(448,30,60017),(535,30,60010),(535,30,60011),(535,30,60012),(535,30,60013),(535,30,60014),(538,30,60013),(538,30,60014),(538,30,60015),(538,30,60016),(538,30,60017),(541,30,60012),(541,30,60013),(541,30,60014),(541,30,60015),(541,30,60016),(548,30,60011),(548,30,60012),(548,30,60013),(548,30,60014),(548,30,60015),(551,30,60011),(551,30,60012),(551,30,60013),(551,30,60014),(551,30,60015),(556,30,60010),(556,30,60012),(556,30,60013),(556,30,60016),(556,30,60017),(560,30,60011),(560,30,60013),(560,30,60015),(560,30,60016),(560,30,60017),(647,30,60010),(647,30,60011),(647,30,60012),(647,30,60013),(647,30,60014),(650,30,60013),(650,30,60014),(650,30,60015),(650,30,60016),(650,30,60017),(653,30,60012),(653,30,60013),(653,30,60014),(653,30,60015),(653,30,60016),(660,30,60011),(660,30,60012),(660,30,60013),(660,30,60014),(660,30,60015),(663,30,60011),(663,30,60012),(663,30,60013),(663,30,60014),(663,30,60015),(668,30,60010),(668,30,60012),(668,30,60013),(668,30,60016),(668,30,60017),(672,30,60011),(672,30,60013),(672,30,60015),(672,30,60016),(672,30,60017),(86,31,70010),(86,31,70011),(86,31,70012),(86,31,70013),(86,31,70014),(89,31,70013),(89,31,70014),(89,31,70015),(89,31,70016),(89,31,70017),(96,31,70011),(96,31,70012),(96,31,70013),(96,31,70014),(96,31,70015),(99,31,70010),(99,31,70011),(99,31,70012),(99,31,70015),(99,31,70016),(104,31,70010),(104,31,70011),(104,31,70012),(104,31,70016),(104,31,70017),(108,31,70010),(108,31,70011),(108,31,70012),(108,31,70014),(108,31,70016),(111,31,70010),(111,31,70011),(111,31,70012),(111,31,70016),(111,31,70017),(198,31,70010),(198,31,70011),(198,31,70012),(198,31,70013),(198,31,70014),(201,31,70013),(201,31,70014),(201,31,70015),(201,31,70016),(201,31,70017),(208,31,70011),(208,31,70012),(208,31,70013),(208,31,70014),(208,31,70015),(211,31,70010),(211,31,70011),(211,31,70012),(211,31,70015),(211,31,70016),(216,31,70010),(216,31,70011),(216,31,70012),(216,31,70016),(216,31,70017),(220,31,70010),(220,31,70011),(220,31,70012),(220,31,70014),(220,31,70016),(223,31,70010),(223,31,70011),(223,31,70012),(223,31,70016),(223,31,70017),(310,31,70010),(310,31,70011),(310,31,70012),(310,31,70013),(310,31,70014),(313,31,70013),(313,31,70014),(313,31,70015),(313,31,70016),(313,31,70017),(320,31,70011),(320,31,70012),(320,31,70013),(320,31,70014),(320,31,70015),(323,31,70010),(323,31,70011),(323,31,70012),(323,31,70015),(323,31,70016),(328,31,70010),(328,31,70011),(328,31,70012),(328,31,70016),(328,31,70017),(332,31,70010),(332,31,70011),(332,31,70012),(332,31,70014),(332,31,70016),(335,31,70010),(335,31,70011),(335,31,70012),(335,31,70016),(335,31,70017),(422,31,70010),(422,31,70011),(422,31,70012),(422,31,70013),(422,31,70014),(425,31,70013),(425,31,70014),(425,31,70015),(425,31,70016),(425,31,70017),(432,31,70011),(432,31,70012),(432,31,70013),(432,31,70014),(432,31,70015),(435,31,70010),(435,31,70011),(435,31,70012),(435,31,70015),(435,31,70016),(440,31,70010),(440,31,70011),(440,31,70012),(440,31,70016),(440,31,70017),(444,31,70010),(444,31,70011),(444,31,70012),(444,31,70014),(444,31,70016),(447,31,70010),(447,31,70011),(447,31,70012),(447,31,70016),(447,31,70017),(534,31,70010),(534,31,70011),(534,31,70012),(534,31,70013),(534,31,70014),(537,31,70013),(537,31,70014),(537,31,70015),(537,31,70016),(537,31,70017),(544,31,70011),(544,31,70012),(544,31,70013),(544,31,70014),(544,31,70015),(547,31,70010),(547,31,70011),(547,31,70012),(547,31,70015),(547,31,70016),(552,31,70010),(552,31,70011),(552,31,70012),(552,31,70016),(552,31,70017),(556,31,70010),(556,31,70011),(556,31,70012),(556,31,70014),(556,31,70016),(559,31,70010),(559,31,70011),(559,31,70012),(559,31,70016),(559,31,70017),(646,31,70010),(646,31,70011),(646,31,70012),(646,31,70013),(646,31,70014),(649,31,70013),(649,31,70014),(649,31,70015),(649,31,70016),(649,31,70017),(656,31,70011),(656,31,70012),(656,31,70013),(656,31,70014),(656,31,70015),(659,31,70010),(659,31,70011),(659,31,70012),(659,31,70015),(659,31,70016),(664,31,70010),(664,31,70011),(664,31,70012),(664,31,70016),(664,31,70017),(668,31,70010),(668,31,70011),(668,31,70012),(668,31,70014),(668,31,70016),(671,31,70010),(671,31,70011),(671,31,70012),(671,31,70016),(671,31,70017),(85,32,80011),(85,32,80012),(85,32,80013),(85,32,80014),(85,32,80015),(92,32,80011),(92,32,80013),(92,32,80014),(92,32,80016),(92,32,80018),(95,32,80011),(95,32,80012),(95,32,80014),(95,32,80015),(95,32,80018),(98,32,80011),(98,32,80012),(98,32,80013),(98,32,80014),(98,32,80018),(104,32,80011),(104,32,80013),(104,32,80014),(104,32,80015),(104,32,80016),(107,32,80011),(107,32,80012),(107,32,80013),(107,32,80014),(107,32,80015),(112,32,80011),(112,32,80012),(112,32,80013),(112,32,80014),(112,32,80015),(197,32,80011),(197,32,80012),(197,32,80013),(197,32,80014),(197,32,80015),(204,32,80011),(204,32,80013),(204,32,80014),(204,32,80016),(204,32,80018),(207,32,80011),(207,32,80012),(207,32,80014),(207,32,80015),(207,32,80018),(210,32,80011),(210,32,80012),(210,32,80013),(210,32,80014),(210,32,80018),(216,32,80011),(216,32,80013),(216,32,80014),(216,32,80015),(216,32,80016),(219,32,80011),(219,32,80012),(219,32,80013),(219,32,80014),(219,32,80015),(224,32,80011),(224,32,80012),(224,32,80013),(224,32,80014),(224,32,80015),(309,32,80011),(309,32,80012),(309,32,80013),(309,32,80014),(309,32,80015),(316,32,80011),(316,32,80013),(316,32,80014),(316,32,80016),(316,32,80018),(319,32,80011),(319,32,80012),(319,32,80014),(319,32,80015),(319,32,80018),(322,32,80011),(322,32,80012),(322,32,80013),(322,32,80014),(322,32,80018),(328,32,80011),(328,32,80013),(328,32,80014),(328,32,80015),(328,32,80016),(331,32,80011),(331,32,80012),(331,32,80013),(331,32,80014),(331,32,80015),(336,32,80011),(336,32,80012),(336,32,80013),(336,32,80014),(336,32,80015),(421,32,80011),(421,32,80012),(421,32,80013),(421,32,80014),(421,32,80015),(428,32,80011),(428,32,80013),(428,32,80014),(428,32,80016),(428,32,80018),(431,32,80011),(431,32,80012),(431,32,80014),(431,32,80015),(431,32,80018),(434,32,80011),(434,32,80012),(434,32,80013),(434,32,80014),(434,32,80018),(440,32,80011),(440,32,80013),(440,32,80014),(440,32,80015),(440,32,80016),(443,32,80011),(443,32,80012),(443,32,80013),(443,32,80014),(443,32,80015),(448,32,80011),(448,32,80012),(448,32,80013),(448,32,80014),(448,32,80015),(533,32,80011),(533,32,80012),(533,32,80013),(533,32,80014),(533,32,80015),(540,32,80011),(540,32,80013),(540,32,80014),(540,32,80016),(540,32,80018),(543,32,80011),(543,32,80012),(543,32,80014),(543,32,80015),(543,32,80018),(546,32,80011),(546,32,80012),(546,32,80013),(546,32,80014),(546,32,80018),(552,32,80011),(552,32,80013),(552,32,80014),(552,32,80015),(552,32,80016),(555,32,80011),(555,32,80012),(555,32,80013),(555,32,80014),(555,32,80015),(560,32,80011),(560,32,80012),(560,32,80013),(560,32,80014),(560,32,80015),(645,32,80011),(645,32,80012),(645,32,80013),(645,32,80014),(645,32,80015),(652,32,80011),(652,32,80013),(652,32,80014),(652,32,80016),(652,32,80018),(655,32,80012),(655,32,80013),(655,32,80014),(655,32,80015),(655,32,80018),(658,32,80011),(658,32,80012),(658,32,80013),(658,32,80014),(658,32,80018),(664,32,80011),(664,32,80013),(664,32,80014),(664,32,80015),(664,32,80016),(667,32,80011),(667,32,80012),(667,32,80013),(667,32,80014),(667,32,80015),(672,32,80011),(672,32,80012),(672,32,80013),(672,32,80014),(672,32,80015);
/*!40000 ALTER TABLE playerteam ENABLE KEYS */;
UNLOCK TABLES;

--
-- Table structure for table season
--

DROP TABLE IF EXISTS season;
/*!40101 SET @saved_cs_client     = @@character_set_client */;
/*!50503 SET character_set_client = utf8mb4 */;
CREATE TABLE season (
  SeasonID int NOT NULL,
  SeasonYear year DEFAULT NULL,
  CompetitionID int NOT NULL,
  PRIMARY KEY (SeasonID),
  KEY fk_Season_Competition1_idx (CompetitionID),
  CONSTRAINT fk_Season_Competition1 FOREIGN KEY (CompetitionID) REFERENCES competition (CompetitionID)
) ENGINE=InnoDB DEFAULT CHARSET=utf8;
/*!40101 SET character_set_client = @saved_cs_client */;

--
-- data for table season data
--

LOCK TABLES season WRITE;
/*!40000 ALTER TABLE season DISABLE KEYS */;
INSERT INTO season VALUES (1,2013,1),(2,2013,2),(3,2013,3),(4,2013,4),(5,2014,1),(6,2014,2),(7,2014,3),(8,2014,4),(9,2015,1),(10,2015,2),(11,2015,3),(12,2015,4),(13,2016,1),(14,2016,2),(15,2016,3),(16,2016,4),(17,2017,1),(18,2017,2),(19,2017,3),(20,2017,4),(21,2018,1),(22,2018,2),(23,2018,3),(24,2018,4);
/*!40000 ALTER TABLE season ENABLE KEYS */;
UNLOCK TABLES;

--
-- Table structure for table team
--

DROP TABLE IF EXISTS team;
/*!40101 SET @saved_cs_client     = @@character_set_client */;
/*!50503 SET character_set_client = utf8mb4 */;
CREATE TABLE team (
  TeamID smallint NOT NULL,
  TeamName varchar(25) DEFAULT NULL,
  TeamType enum('Mens','Womens','Mixed','Seniors') DEFAULT NULL,
  ClubID int DEFAULT NULL,
  PRIMARY KEY (TeamID),
  UNIQUE KEY TeamID_UNIQUE (TeamID),
  KEY fk_Team_Club1_idx (ClubID),
  CONSTRAINT fk_Team_Club1 FOREIGN KEY (ClubID) REFERENCES club (ClubID)
) ENGINE=InnoDB DEFAULT CHARSET=utf8;
/*!40101 SET character_set_client = @saved_cs_client */;

--
-- data for table team
--

LOCK TABLES team WRITE;
/*!40000 ALTER TABLE team DISABLE KEYS */;
INSERT INTO team VALUES (1,'Melbourne Uni Men','Mens',100),(2,'Melbourne City Men','Mens',200),(3,'Powerhouse Men','Mens',300),(4,'Footscray Men','Mens',400),(5,'Moorabbin Men','Mens',500),(6,'Monash Uni Men','Mens',600),(7,'Geelong Rugby Mens','Mens',700),(8,'Harlequin Men','Mens',800),(9,'Melbourne Uni Women','Womens',100),(10,'Melbourne City Women','Womens',200),(11,'Powerhouse Women','Womens',300),(12,'Footscray Women','Womens',400),(13,'Moorabbin Women','Womens',500),(14,'Monash Uni Women','Womens',600),(15,'Geelong Rugby Womens','Womens',700),(16,'Harlequin Women','Womens',800),(17,'Melbourne Uni Mixed','Mixed',100),(18,'Melbourne City Mixed','Mixed',200),(19,'Powerhouse Mixed','Mixed',300),(20,'Footscray Mixed','Mixed',400),(21,'Moorabbin Mixed','Mixed',500),(22,'Monash Uni Mixed','Mixed',600),(23,'Geelong Rugby Mixeds','Mixed',700),(24,'Harlequin Mixed','Mixed',800),(25,'Melbourne Uni Seniors','Seniors',100),(26,'Melbourne City Seniors','Seniors',200),(27,'Powerhouse Seniors','Seniors',300),(28,'Footscray Seniors','Seniors',400),(29,'Moorabbin Seniors','Seniors',500),(30,'Monash Uni Seniors','Seniors',600),(31,'Geelong Rugby Seniorss','Seniors',700),(32,'Harlequin Seniors','Seniors',800);
/*!40000 ALTER TABLE team ENABLE KEYS */;
UNLOCK TABLES;
/*!40103 SET TIME_ZONE=@OLD_TIME_ZONE */;

/*!40101 SET SQL_MODE=@OLD_SQL_MODE */;
/*!40014 SET FOREIGN_KEY_CHECKS=@OLD_FOREIGN_KEY_CHECKS */;
/*!40014 SET UNIQUE_CHECKS=@OLD_UNIQUE_CHECKS */;
/*!40101 SET CHARACTER_SET_CLIENT=@OLD_CHARACTER_SET_CLIENT */;
/*!40101 SET CHARACTER_SET_RESULTS=@OLD_CHARACTER_SET_RESULTS */;
/*!40101 SET COLLATION_CONNECTION=@OLD_COLLATION_CONNECTION */;
/*!40111 SET SQL_NOTES=@OLD_SQL_NOTES */;

COMMIT;
